1323940104	20250920	202509	2025	2025.7123	GOV	COMMERCE MINIST						GOV			SGP	SINGAPORE	SGP								1	061	061	06	2	6.4	10	1	10	1.417004048583	4	New Delhi, Delhi, India	IN	IN07	17911	28.6	77.2	-2106102	4	New Delhi, Delhi, India	IN	IN07	17911	28.6	77.2	-2106102	4	New Delhi, Delhi, India	IN	IN07	17911	28.6	77.2	-2106102	20260920103000	https://ianslive.in/indias-exports-pick-up-pace-as-ftas-kick-in--20260920125703
1323940105	20260821	202608	2026	2026.6329	BUS	COMPANY						BUS			GOVCOP	INSPECTOR GENERAL						GOV	COP		0	0214	021	02	1	3.4	10	1	10	-0.53835800807537	3	White House, District of Columbia, United States	US	USDC		38.8951	-77.0364	531871	3	White House, District of Columbia, United States	US	USDC		38.8951	-77.0364	531871	3	White House, District of Columbia, United States	US	USDC		38.8951	-77.0364	531871	20260920103000	https://www.theguardian.com/us-news/2026/sep/20/trump-ai-policy-financial-interest
1323940106	20260913	202609	2026	2026.6932	GOV	SECRETARIAT						GOV													0	020	020	02	1	3.0	3	1	3	-5.60975609756097	4	Nyandarua, Central, Kenya	KE	KE01	18585	-0.627651	36.7083	-2246318	0								4	Nyandarua, Central, Kenya	KE	KE01	18585	-0.627651	36.7083	-2246318	20260920103000	https://www.the-star.co.ke/news/2026-09-20-gachagua-njeri-maina-lift-lid-on-alleged-state-attempts-to-spy-on-infiltrate-opposition
1323940107	20260913	202609	2026	2026.6932	GOV	SECRETARIAT						GOV			KEN	KENYA	KEN								0	020	020	02	1	3.0	2	1	2	-5.60975609756097	4	Nyandarua, Central, Kenya	KE	KE01	18585	-0.627651	36.7083	-2246318	4	Nyandarua, Central, Kenya	KE	KE01	18585	-0.627651	36.7083	-2246318	4	Nyandarua, Central, Kenya	KE	KE01	18585	-0.627651	36.7083	-2246318	20260920103000	https://www.the-star.co.ke/news/2026-09-20-gachagua-njeri-maina-lift-lid-on-alleged-state-attempts-to-spy-on-infiltrate-opposition
1323940108	20260913	202609	2026	2026.6932	GOV	ATTORNEY GENERAL						GOV			USAGOV	THE WHITE HOUSE	USA					GOV			0	010	010	01	1	0.0	1	1	1	-0.72859744990893	3	Fort Worth, Texas, United States	US	USTX	TX439	32.7254	-97.3208	1380947	4	Beijing, Beijing, China	CH	CH22	13001	39.9289	116.388	-1898541	4	Beijing, Beijing, China	CH	CH22	13001	39.9289	116.388	-1898541	20260920103000	https://www.nbcdfw.com/news/national-international/trump-china-red-carpet-xi-visit/4079624/
1323940109	20260913	202609	2026	2026.6932	PRK	PYONGYANG	PRK								USA	A US	USA								0	111	111	11	3	-2.0	2	1	2	-3.4313725490196	4	Pyongyang, P'yongyang-si, North Korea	KN	KN12	39681	39.0194	125.755	-183459	4	Wonsan, Cholla-namdo, South Korea	KS	KS16	24974	34.8506	127.408	10076233	4	Pyongyang, P'yongyang-si, North Korea	KN	KN12	39681	39.0194	125.755	-183459	20260920103000	https://asia.nikkei.com/spotlight/north-korea-tensions/north-korea-fires-two-missiles-off-east-coast-in-three-hours
1323940110	20260920	202609	2026	2026.7123											BGDCOP	BANGLADESH	BGD					COP			0	183	183	18	4	-10.0	2	1	2	-6.47948164146868	0								4	Jatrabari, Bangladesh (general), Bangladesh	BG	BG00	5790	24.9833	90.9167	-2722689	4	Jatrabari, Bangladesh (general), Bangladesh	BG	BG00	5790	24.9833	90.9167	-2722689	20260920103000	https://bdnews24.com/bangladesh/77wnfpknts
1323940111	20260920	202609	2026	2026.7123											BUS	COMPANY						BUS			1	020	020	02	1	3.0	6	1	6	-0.83283759666864	0								1	South Africa	SF	SF		-30	26	SF	1	South Africa	SF	SF		-30	26	SF	20260920103000	https://www.moneytalksnews.com/she-thought-shed-booked-a-dream-vacation-rental-then-she-arrived/
1323940112	20260920	202609	2026	2026.7123											BUS	SERVER						BUS			1	042	042	04	1	1.9	5	1	5	-2.25733634311513	0								2	New York, United States	US	USNY		42.1497	-74.9384	NY	2	New York, United States	US	USNY		42.1497	-74.9384	NY	20260920103000	https://www.newyorker.com/culture/the-food-scene/ugly-baby-is-hot-but-has-a-personality-too
1323940113	20260920	202609	2026	2026.7123											BUS	COMPANY						BUS			1	061	061	06	2	6.4	10	1	10	2.63157894736842	0								3	Mountain View, California, United States	US	USCA		34.5064	-117.359	246299	3	Mountain View, California, United States	US	USCA		34.5064	-117.359	246299	20260920103000	https://www.dailypolitical.com/2026/09/20/comparing-hp-nysehpq-and-everpure-nysep.html
1323940114	20260920	202609	2026	2026.7123											BUS	COMPANY						BUS			1	061	061	06	2	6.4	5	1	5	1.23304562268804	0								1	United States	US	US		39.828175	-98.5795	US	1	United States	US	US		39.828175	-98.5795	US	20260920103000	https://www.dailypolitical.com/2026/09/20/advance-auto-parts-inc-nyseaap-given-consensus-recommendation-of-hold-by-brokerages.html
1323940115	20260920	202609	2026	2026.7123											BUS	COMPANY						BUS			1	114	114	11	3	-2.0	6	1	6	-0.83283759666864	0								2	Missouri, United States	US	USMO		38.4623	-92.302	MO	2	Missouri, United States	US	USMO		38.4623	-92.302	MO	20260920103000	https://www.moneytalksnews.com/she-thought-shed-booked-a-dream-vacation-rental-then-she-arrived/
1323940116	20260920	202609	2026	2026.7123											CHE	GENEVA	CHE								1	141	141	14	3	-6.5	10	1	10	-3.63636363636364	0								4	Geneva, Genè, Switzerland	SZ	SZ07	16329	46.1956	6.14811	-2552151	4	Geneva, Genè, Switzerland	SZ	SZ07	16329	46.1956	6.14811	-2552151	20260920103000	https://www.swissinfo.ch/eng/climate-adaptation/geneva-and-lausanne-residents-protest-against-inaction-on-climate-change/92088301
1323940117	20260920	202609	2026	2026.7123											CHRPRO	METHODIST CHURCH				CHR	PRO				1	042	042	04	1	1.9	6	1	6	0.14245014245014	0								3	Vanceboro, North Carolina, United States	US	USNC	NC049	35.3085	-77.1541	996583	3	Vanceboro, North Carolina, United States	US	USNC	NC049	35.3085	-77.1541	996583	20260920103000	https://timesofindia.indiatimes.com/world/us/in-1942-a-24-year-old-wwii-pilot-vanished-over-egypt-84-years-later-his-family-finally-buries-him-beside-his-parents-in-north-carolina/articleshow/134364960.cms
1323940118	20260920	202609	2026	2026.7123											CHRPRO117	SEVENTH DAY ADVENTIST CHURCH				CHR	PRO				1	043	043	04	1	2.8	2	1	2	0.19646365422397	0								4	Kangema, Central, Kenya	KE	KE01	18585	-0.683333	36.9667	-2248324	4	Kangema, Central, Kenya	KE	KE01	18585	-0.683333	36.9667	-2248324	20260920103000	https://www.the-star.co.ke/news/2026-09-20-jitters-as-nyoro-matiangi-political-moves-reshape-mt-kenya-opposition-politics
1323940119	20260920	202609	2026	2026.7123											COP	POLICE						COP			1	020	020	02	1	3.0	10	1	10	-5.65552699228792	0								4	Oerlikon, Switzerland (general), Switzerland	SZ	SZ00	26310	47.41	8.55817	-2553505	4	Oerlikon, Switzerland (general), Switzerland	SZ	SZ00	26310	47.41	8.55817	-2553505	20260920103000	https://www.swissinfo.ch/eng/demographics/zurich-anti-abortion-march-disrupted-by-protesters/92088374
1323940120	20260920	202609	2026	2026.7123											COP	SECURITY OFFICER						COP			1	173	173	17	4	-5.0	2	1	2	-5.83090379008747	0								4	Paris, France (general), France	FR	FR00	16282	48.8667	2.33333	-1456928	1	Qatar	QA	QA		25.5	51.25	QA	20260920103000	http://thepeninsulaqatar.com/article/20/09/2026/germans-arrested-for-louvre-stunt-in-mona-lisa-hall
1323940121	20260920	202609	2026	2026.7123											COP	POLICE						COP			0	183	183	18	4	-10.0	1	1	1	-6.47948164146868	0								4	Jatrabari, Bangladesh (general), Bangladesh	BG	BG00	5790	24.9833	90.9167	-2722689	4	Jatrabari, Bangladesh (general), Bangladesh	BG	BG00	5790	24.9833	90.9167	-2722689	20260920103000	https://bdnews24.com/bangladesh/77wnfpknts
1323940122	20260920	202609	2026	2026.7123											CVL	VOTER						CVL			1	120	120	12	3	-4.0	1	1	1	-2.81899109792284	0								2	Michigan, United States	US	USMI		43.3504	-84.5603	MI	2	Michigan, United States	US	USMI		43.3504	-84.5603	MI	20260920103000	https://www.aol.co.uk/articles/leftists-waves-trump-flexes-muscles-100013000.html
1323940123	20260920	202609	2026	2026.7123											CVL	VOTER						CVL			1	120	120	12	3	-4.0	4	1	4	-2.81899109792284	0								2	Tennessee, United States	US	USTN		35.7449	-86.7489	TN	2	Tennessee, United States	US	USTN		35.7449	-86.7489	TN	20260920103000	https://www.aol.co.uk/articles/leftists-waves-trump-flexes-muscles-100013000.html
1323940124	20260920	202609	2026	2026.7123											DEU	GERMAN	DEU								1	040	040	04	1	1.0	2	1	2	0.14245014245014	0								1	Tunisia	TS	TS		34	9	TS	1	Tunisia	TS	TS		34	9	TS	20260920103000	https://timesofindia.indiatimes.com/world/us/in-1942-a-24-year-old-wwii-pilot-vanished-over-egypt-84-years-later-his-family-finally-buries-him-beside-his-parents-in-north-carolina/articleshow/134364960.cms
1323940125	20260920	202609	2026	2026.7123											EDU	PROFESSOR						EDU			0	040	040	04	1	1.0	6	1	6	-0.19569471624266	0								1	Egypt	EG	EG		27	30	EG	1	Egypt	EG	EG		27	30	EG	20260920103000	http://thepeninsulaqatar.com/article/20/09/2026/qatar-foundation-launches-second-bilaraby-gathering
1323940126	20260920	202609	2026	2026.7123											EDU	PROFESSOR						EDU			0	040	040	04	1	1.0	2	1	2	-0.19569471624266	0								1	Gaza Strip	GZ	GZ		31.425074	34.373398	GZ	1	Egypt	EG	EG		27	30	EG	20260920103000	http://thepeninsulaqatar.com/article/20/09/2026/qatar-foundation-launches-second-bilaraby-gathering
1323940127	20260920	202609	2026	2026.7123											EDU	PROFESSOR						EDU			0	040	040	04	1	1.0	2	1	2	-0.19569471624266	0								1	Gaza Strip	GZ	GZ		31.425074	34.373398	GZ	1	Gaza Strip	GZ	GZ		31.425074	34.373398	GZ	20260920103000	http://thepeninsulaqatar.com/article/20/09/2026/qatar-foundation-launches-second-bilaraby-gathering
1323940128	20260920	202609	2026	2026.7123											EDU	STUDENT						EDU			1	043	043	04	1	2.8	5	1	5	-4.49526813880127	0								4	Newport, Newport, United Kingdom	UK	UKY6	40181	51.5833	-2.98333	-2604041	4	Newport, Newport, United Kingdom	UK	UKY6	40181	51.5833	-2.98333	-2604041	20260920103000	https://www.dailymail.com/health/article-16141767/cold-flu-medication-paracetamol-dangerous.html
1323940129	20260920	202609	2026	2026.7123											EDU	SCHOOL						EDU			1	046	046	04	1	7.0	10	1	10	-5.93220338983051	0								2	Louisiana, United States	US	USLA		31.1801	-91.8749	LA	2	Louisiana, United States	US	USLA		31.1801	-91.8749	LA	20260920103000	https://www.nola.com/opinions/our_views/editorial-high-absentee-rates-louisiana-schools/article_8aaf8fcd-fa22-45f8-b730-fd05926c7170.html
1323940130	20260920	202609	2026	2026.7123											EDU	SCHOLAR						EDU			1	051	051	05	1	3.4	10	1	10	5.6	0								5	Suffolk, Suffolk, United Kingdom	UK	UKN5	40132	52.1667	1	-2609091	5	Suffolk, Suffolk, United Kingdom	UK	UKN5	40132	52.1667	1	-2609091	20260920103000	https://www.eadt.co.uk/news/26561035.opinion-suffolk-farm-scholarship-award-open-entries/
1323940131	20260920	202609	2026	2026.7123											FRA	FRANCE	FRA								1	042	042	04	1	1.9	1	1	1	-5.83090379008747	0								1	Qatar	QA	QA		25.5	51.25	QA	4	Paris, France (general), France	FR	FR00	16282	48.8667	2.33333	-1456928	20260920103000	http://thepeninsulaqatar.com/article/20/09/2026/germans-arrested-for-louvre-stunt-in-mona-lisa-hall
1323940132	20260920	202609	2026	2026.7123											GBR	UNITED KINGDOM	GBR								0	043	043	04	1	2.8	4	1	4	-3.06946688206785	0								4	Chatsworth House, Derbyshire, United Kingdom	UK	UKD3	40103	53.2167	-1.6	-2592305	4	Chatsworth House, Derbyshire, United Kingdom	UK	UKD3	40103	53.2167	-1.6	-2592305	20260920103000	https://timesofindia.indiatimes.com/world/uk/who-is-earl-spencer-princess-dianas-brother-accuses-king-charles-of-gaslighting-him/articleshow/134366163.cms
1323940133	20260920	202609	2026	2026.7123											GBR	UNITED KINGDOM	GBR								1	100	100	10	3	-5.0	1	1	1	-2	0								4	Sussex, East Sussex, United Kingdom	UK	UKE2	40137	50.9167	-0.083333	-2609142	4	Sussex, East Sussex, United Kingdom	UK	UKE2	40137	50.9167	-0.083333	-2609142	20260920103000	https://www.cinaradio.com/2026/09/20/why-prince-harry-and-meghan-face-more-challenges-after-their-return-to-the-u-k/
1323940134	20260920	202609	2026	2026.7123											GOV	MINIST OF STATE						GOV			1	043	043	04	1	2.8	3	1	3	6.37450199203187	0								4	Carlow, Carlow, Ireland	EI	EI01	18292	52.8408	-6.92611	-1501356	4	Carlow, Carlow, Ireland	EI	EI01	18292	52.8408	-6.92611	-1501356	20260920103000	https://www.rte.ie/news/regional/2026/0919/1592207-louth-sligo-community/
1323940135	20260920	202609	2026	2026.7123											GOV	MINIST OF STATE						GOV			1	043	043	04	1	2.8	2	1	2	6.37450199203187	0								1	Czech Republic	EZ	EZ		49.75	15	EZ	1	Czech Republic	EZ	EZ		49.75	15	EZ	20260920103000	https://www.rte.ie/news/regional/2026/0919/1592207-louth-sligo-community/
1323940136	20260920	202609	2026	2026.7123											GOVMIL	MINIST OF DEFENCE						GOV	MIL		0	040	040	04	1	1.0	3	1	3	-0.25706940874036	0								4	Hausa, Lagos, Nigeria	NI	NI05	191291	6.60961	3.35658	-2010259	4	Hausa, Lagos, Nigeria	NI	NI05	191291	6.60961	3.35658	-2010259	20260920103000	https://www.vanguardngr.com/2026/09/i-didnt-abandon-gov-yusuf-i-still-like-him-kwankwaso/
1323940137	20260920	202609	2026	2026.7123											GOVMIL	MINIST OF DEFENCE						GOV	MIL		0	040	040	04	1	1.0	2	1	2	-0.25706940874036	0								5	Kano State, Kano, Nigeria	NI	NI29	191066	11.5	8.5	-2014618	5	Kano State, Kano, Nigeria	NI	NI29	191066	11.5	8.5	-2014618	20260920103000	https://www.vanguardngr.com/2026/09/i-didnt-abandon-gov-yusuf-i-still-like-him-kwankwaso/
1323940138	20260920	202609	2026	2026.7123											GOVMIL	MINIST OF DEFENCE						GOV	MIL		0	046	046	04	1	7.0	3	1	3	-0.25706940874036	0								4	Hausa, Lagos, Nigeria	NI	NI05	191291	6.60961	3.35658	-2010259	4	Hausa, Lagos, Nigeria	NI	NI05	191291	6.60961	3.35658	-2010259	20260920103000	https://www.vanguardngr.com/2026/09/i-didnt-abandon-gov-yusuf-i-still-like-him-kwankwaso/
1323940139	20260920	202609	2026	2026.7123											GOVMIL	MINIST OF DEFENCE						GOV	MIL		0	046	046	04	1	7.0	2	1	2	-0.25706940874036	0								5	Kano State, Kano, Nigeria	NI	NI29	191066	11.5	8.5	-2014618	5	Kano State, Kano, Nigeria	NI	NI29	191066	11.5	8.5	-2014618	20260920103000	https://www.vanguardngr.com/2026/09/i-didnt-abandon-gov-yusuf-i-still-like-him-kwankwaso/
1323940140	20260920	202609	2026	2026.7123											GOVMIL	MINIST OF DEFENCE						GOV	MIL		0	110	110	11	3	-2.0	3	1	3	-0.25706940874036	0								4	Hausa, Lagos, Nigeria	NI	NI05	191291	6.60961	3.35658	-2010259	4	Hausa, Lagos, Nigeria	NI	NI05	191291	6.60961	3.35658	-2010259	20260920103000	https://www.vanguardngr.com/2026/09/i-didnt-abandon-gov-yusuf-i-still-like-him-kwankwaso/
1323940141	20260920	202609	2026	2026.7123											GOVMIL	MINIST OF DEFENCE						GOV	MIL		0	110	110	11	3	-2.0	2	1	2	-0.25706940874036	0								5	Kano State, Kano, Nigeria	NI	NI29	191066	11.5	8.5	-2014618	5	Kano State, Kano, Nigeria	NI	NI29	191066	11.5	8.5	-2014618	20260920103000	https://www.vanguardngr.com/2026/09/i-didnt-abandon-gov-yusuf-i-still-like-him-kwankwaso/
1323940142	20260920	202609	2026	2026.7123											HLH	HOSPITAL						HLH			0	010	010	01	1	0.0	5	1	5	-7.82997762863535	0								4	Busia, Western, Kenya	KE	KE09	18585	0.467084	34.0882	-2242746	4	Busia, Western, Kenya	KE	KE09	18585	0.467084	34.0882	-2242746	20260920103000	https://www.the-star.co.ke/news/2026-09-20-factory-tragedy-as-machine-operator-is-killed-by-metal
1323940143	20260920	202609	2026	2026.7123											HLH	HOSPITAL						HLH			0	042	042	04	1	1.9	8	1	7	-7.82997762863535	0								4	Busia, Western, Kenya	KE	KE09	18585	0.467084	34.0882	-2242746	4	Busia, Western, Kenya	KE	KE09	18585	0.467084	34.0882	-2242746	20260920103000	https://www.the-star.co.ke/news/2026-09-20-factory-tragedy-as-machine-operator-is-killed-by-metal
1323940144	20260920	202609	2026	2026.7123											IND	BIHAR	IND								0	036	036	03	1	4.0	3	1	3	0.9895227008149	0								4	Bihar, Bihar, India	IN	IN34	17615	25.1833	85.5167	-2091797	4	Bihar, Bihar, India	IN	IN34	17615	25.1833	85.5167	-2091797	20260920103000	https://timesofindia.indiatimes.com/india/amit-shah-wants-ucc-in-all-nda-states-by-2029-what-will-jdu-do-in-bihar/articleshow/134366097.cms
1323940145	20260920	202609	2026	2026.7123											IRL	IRELAND	IRL								1	042	042	04	1	1.9	2	1	2	6.37450199203187	0								4	Carlow, Carlow, Ireland	EI	EI01	18292	52.8408	-6.92611	-1501356	4	Carlow, Carlow, Ireland	EI	EI01	18292	52.8408	-6.92611	-1501356	20260920103000	https://www.rte.ie/news/regional/2026/0919/1592207-louth-sligo-community/
1323940146	20260920	202609	2026	2026.7123											JORELI	HASSAN	JOR					ELI			0	190	190	19	4	-10.0	1	1	1	0.57803468208092	0								4	Embakasi, Nairobi Area, Kenya	KE	KE05	18585	-1.3	36.9167	-2244234	4	Embakasi, Nairobi Area, Kenya	KE	KE05	18585	-1.3	36.9167	-2244234	20260920103000	https://www.the-star.co.ke/news/2026-09-20-gachagua-nairobi-sweep-prediction-meets-sifuna-wave
1323940147	20260920	202609	2026	2026.7123											KEN	KENYA	KEN								0	010	010	01	1	0.0	2	1	2	0.19646365422397	0								4	Kangema, Central, Kenya	KE	KE01	18585	-0.683333	36.9667	-2248324	4	Kangema, Central, Kenya	KE	KE01	18585	-0.683333	36.9667	-2248324	20260920103000	https://www.the-star.co.ke/news/2026-09-20-jitters-as-nyoro-matiangi-political-moves-reshape-mt-kenya-opposition-politics
1323940148	20260920	202609	2026	2026.7123											KEN	KENYA	KEN								0	010	010	01	1	0.0	2	1	2	0.19646365422397	0								4	Kangema, Central, Kenya	KE	KE01	18585	-0.683333	36.9667	-2248324	4	Kiharu, Central, Kenya	KE	KE01	18585	-0.716667	37.15	-2250537	20260920103000	https://www.the-star.co.ke/news/2026-09-20-jitters-as-nyoro-matiangi-political-moves-reshape-mt-kenya-opposition-politics
1323940149	20260920	202609	2026	2026.7123											KEN	NAIROBI	KEN								0	040	040	04	1	1.0	1	1	1	0.19646365422397	0								4	Muranga, Central, Kenya	KE	KE01	18585	-0.716667	37.15	-2257236	4	Muranga, Central, Kenya	KE	KE01	18585	-0.716667	37.15	-2257236	20260920103000	https://www.the-star.co.ke/news/2026-09-20-jitters-as-nyoro-matiangi-political-moves-reshape-mt-kenya-opposition-politics
1323940150	20260920	202609	2026	2026.7123											KEN	NAIROBI	KEN								0	040	040	04	1	1.0	7	1	7	0.19646365422397	0								4	Nairobi, Nairobi Area, Kenya	KE	KE05	18585	-1.28333	36.8167	-2258072	4	Nairobi, Nairobi Area, Kenya	KE	KE05	18585	-1.28333	36.8167	-2258072	20260920103000	https://www.the-star.co.ke/news/2026-09-20-jitters-as-nyoro-matiangi-political-moves-reshape-mt-kenya-opposition-politics
1323940151	20260920	202609	2026	2026.7123											KEN	KENYA	KEN								0	042	042	04	1	1.9	2	1	2	-7.82997762863535	0								4	Busia, Western, Kenya	KE	KE09	18585	0.467084	34.0882	-2242746	4	Busia, Western, Kenya	KE	KE09	18585	0.467084	34.0882	-2242746	20260920103000	https://www.the-star.co.ke/news/2026-09-20-factory-tragedy-as-machine-operator-is-killed-by-metal
1323940152	20260920	202609	2026	2026.7123											KEN	NAIROBI	KEN								1	042	042	04	1	1.9	10	1	10	-7.82997762863535	0								4	Kisii, Nyanza, Kenya	KE	KE07	18585	-0.67394	34.7722	-2251485	4	Kisii, Nyanza, Kenya	KE	KE07	18585	-0.67394	34.7722	-2251485	20260920103000	https://www.the-star.co.ke/news/2026-09-20-factory-tragedy-as-machine-operator-is-killed-by-metal
1323940153	20260920	202609	2026	2026.7123											KEN	NAIROBI	KEN								1	042	042	04	1	1.9	2	1	2	-7.82997762863535	0								4	Nairobi West, Nairobi Area, Kenya	KE	KE05	18585	-1.3	36.8167	-2258082	4	Nairobi West, Nairobi Area, Kenya	KE	KE05	18585	-1.3	36.8167	-2258082	20260920103000	https://www.the-star.co.ke/news/2026-09-20-factory-tragedy-as-machine-operator-is-killed-by-metal
1323940154	20260920	202609	2026	2026.7123											KEN	KENYA	KEN								0	100	100	10	3	-5.0	4	1	4	0.19646365422397	0								4	Kangema, Central, Kenya	KE	KE01	18585	-0.683333	36.9667	-2248324	4	Kangema, Central, Kenya	KE	KE01	18585	-0.683333	36.9667	-2248324	20260920103000	https://www.the-star.co.ke/news/2026-09-20-jitters-as-nyoro-matiangi-political-moves-reshape-mt-kenya-opposition-politics
1323940155	20260920	202609	2026	2026.7123											KEN	KENYA	KEN								0	100	100	10	3	-5.0	2	1	2	0.19646365422397	0								4	Kiambu, Central, Kenya	KE	KE01	18585	-1.16667	36.8333	-2250071	4	Kiambu, Central, Kenya	KE	KE01	18585	-1.16667	36.8333	-2250071	20260920103000	https://www.the-star.co.ke/news/2026-09-20-jitters-as-nyoro-matiangi-political-moves-reshape-mt-kenya-opposition-politics
1323940156	20260920	202609	2026	2026.7123											KEN	NAIROBI	KEN								1	130	130	13	3	-4.4	7	1	7	0.57803468208092	0								4	Nairobi, Nairobi Area, Kenya	KE	KE05	18585	-1.28333	36.8167	-2258072	4	Nairobi, Nairobi Area, Kenya	KE	KE05	18585	-1.28333	36.8167	-2258072	20260920103000	https://www.the-star.co.ke/news/2026-09-20-gachagua-nairobi-sweep-prediction-meets-sifuna-wave
1323940157	20260920	202609	2026	2026.7123											KEN	KENYA	KEN								0	130	130	13	3	-4.4	4	1	4	0.19646365422397	0								4	Naivasha, Rift Valley, Kenya	KE	KE08	18585	-0.716667	36.4359	-2258110	4	Kangema, Central, Kenya	KE	KE01	18585	-0.683333	36.9667	-2248324	20260920103000	https://www.the-star.co.ke/news/2026-09-20-jitters-as-nyoro-matiangi-political-moves-reshape-mt-kenya-opposition-politics
1323940158	20260920	202609	2026	2026.7123											KEN	KENYA	KEN								1	130	130	13	3	-4.4	1	1	1	-2.71546635182999	0								3	Washington, District of Columbia, United States	US	USDC	DC001	38.8951	-77.0364	531871	3	Washington, District of Columbia, United States	US	USDC	DC001	38.8951	-77.0364	531871	20260920103000	https://www.the-star.co.ke/news/2026-09-20-us-to-closely-watch-2027-polls-for-stability-us-envoy-nominee-wooster-says
1323940159	20260920	202609	2026	2026.7123											KEN	KENYA	KEN								1	130	130	13	3	-4.4	1	1	1	-2.71546635182999	0								1	China	CH	CH		35	105	CH	1	China	CH	CH		35	105	CH	20260920103000	https://www.the-star.co.ke/news/2026-09-20-us-to-closely-watch-2027-polls-for-stability-us-envoy-nominee-wooster-says
1323940160	20260920	202609	2026	2026.7123											KEN	KENYA	KEN								0	190	190	19	4	-10.0	4	1	4	0.57803468208092	0								4	Embakasi, Nairobi Area, Kenya	KE	KE05	18585	-1.3	36.9167	-2244234	4	Embakasi, Nairobi Area, Kenya	KE	KE05	18585	-1.3	36.9167	-2244234	20260920103000	https://www.the-star.co.ke/news/2026-09-20-gachagua-nairobi-sweep-prediction-meets-sifuna-wave
1323940161	20260920	202609	2026	2026.7123											KEN	KENYA	KEN								0	190	190	19	4	-10.0	2	1	2	0.57803468208092	0								4	Embakasi, Nairobi Area, Kenya	KE	KE05	18585	-1.3	36.9167	-2244234	4	Nairobi, Nairobi Area, Kenya	KE	KE05	18585	-1.28333	36.8167	-2258072	20260920103000	https://www.the-star.co.ke/news/2026-09-20-gachagua-nairobi-sweep-prediction-meets-sifuna-wave
1323940162	20260920	202609	2026	2026.7123											KENGOV	UHURU KENYATTA	KEN					GOV			0	040	040	04	1	1.0	3	1	3	0.19646365422397	0								4	Kiambu, Central, Kenya	KE	KE01	18585	-1.16667	36.8333	-2250071	4	Kiambu, Central, Kenya	KE	KE01	18585	-1.16667	36.8333	-2250071	20260920103000	https://www.the-star.co.ke/news/2026-09-20-jitters-as-nyoro-matiangi-political-moves-reshape-mt-kenya-opposition-politics
1323940163	20260920	202609	2026	2026.7123											KENHLH	KENYA	KEN					HLH			1	042	042	04	1	1.9	4	1	4	-7.82997762863535	0								4	Nairobi West, Nairobi Area, Kenya	KE	KE05	18585	-1.3	36.8167	-2258082	4	Nairobi West, Nairobi Area, Kenya	KE	KE05	18585	-1.3	36.8167	-2258082	20260920103000	https://www.the-star.co.ke/news/2026-09-20-factory-tragedy-as-machine-operator-is-killed-by-metal
1323940164	20260920	202609	2026	2026.7123											LEG	DELEGATE						LEG			1	043	043	04	1	2.8	10	1	10	6.37450199203187	0								4	Carlow, Carlow, Ireland	EI	EI01	18292	52.8408	-6.92611	-1501356	4	Carlow, Carlow, Ireland	EI	EI01	18292	52.8408	-6.92611	-1501356	20260920103000	https://www.rte.ie/news/regional/2026/0919/1592207-louth-sligo-community/
1323940165	20260920	202609	2026	2026.7123											MIL	AIR FORCE						MIL			0	062	062	06	2	7.4	10	2	10	-1.01787101787102	0								1	India	IN	IN		20	77	IN	1	India	IN	IN		20	77	IN	20260920103000	https://ianslive.in/india-japan-air-force-chiefs-fly-tejas-during-veer-guardian-2026-exercise--20260920151010
1323940166	20260920	202609	2026	2026.7123											NGA	NIGERIA	NGA								1	042	042	04	1	1.9	1	1	1	5.03875968992248	0								4	Kano, Kano, Nigeria	NI	NI29	191030	11.9964	8.51667	-2014610	4	Dawakin Kudu, Kano, Nigeria	NI	NI29	191049	11.8351	8.59756	-2004730	20260920103000	https://punchng.com/apc-wins-kano-assembly-seat-in-by-election/
1323940167	20260920	202609	2026	2026.7123											NGA	NIGERIA	NGA								1	042	042	04	1	1.9	1	1	1	5.03875968992248	0								4	Kano, Kano, Nigeria	NI	NI29	191030	11.9964	8.51667	-2014610	4	Kano, Kano, Nigeria	NI	NI29	191030	11.9964	8.51667	-2014610	20260920103000	https://punchng.com/apc-wins-kano-assembly-seat-in-by-election/
1323940168	20260920	202609	2026	2026.7123											OPP	ACTIVIST						OPP			0	036	036	03	1	4.0	1	1	1	0.19646365422397	0								4	Muranga, Central, Kenya	KE	KE01	18585	-0.716667	37.15	-2257236	4	Kiambu, Central, Kenya	KE	KE01	18585	-1.16667	36.8333	-2250071	20260920103000	https://www.the-star.co.ke/news/2026-09-20-jitters-as-nyoro-matiangi-political-moves-reshape-mt-kenya-opposition-politics
1323940169	20260920	202609	2026	2026.7123											OPP	THE OPPOSITION						OPP			0	100	100	10	3	-5.0	3	1	3	-5.60975609756097	0								4	Nyandarua, Central, Kenya	KE	KE01	18585	-0.627651	36.7083	-2246318	4	Nyandarua, Central, Kenya	KE	KE01	18585	-0.627651	36.7083	-2246318	20260920103000	https://www.the-star.co.ke/news/2026-09-20-gachagua-njeri-maina-lift-lid-on-alleged-state-attempts-to-spy-on-infiltrate-opposition
1323940170	20260920	202609	2026	2026.7123											RAD	EXTREMIST						RAD			1	040	040	04	1	1.0	5	1	5	-4.59770114942529	0								4	Tejgaon, Bangladesh (general), Bangladesh	BG	BG00	5778	23.7667	90.4	-2737997	4	Tejgaon, Bangladesh (general), Bangladesh	BG	BG00	5778	23.7667	90.4	-2737997	20260920103000	https://bdnews24.com/bangladesh/tqjr6b70uj
1323940171	20260920	202609	2026	2026.7123											REL	PRIEST									0	042	042	04	1	1.9	10	1	10	3.80100614868641	0								1	Ireland	EI	EI		53	-8	EI	1	Ireland	EI	EI		53	-8	EI	20260920103000	https://www.rte.ie/brainstorm/2026/0917/1591737-station-mass-ireland-tradition-priest-family-neighbours-celebration/
1323940172	20260920	202609	2026	2026.7123											RWA	KIGALI	RWA								1	040	040	04	1	1.0	1	1	1	2.75229357798165	0								4	Kigali, (RW09), Rwanda	RW	RW09	21996	-1.95361	30.0606	-2181358	4	Kigali, (RW09), Rwanda	RW	RW09	21996	-1.95361	30.0606	-2181358	20260920103000	http://www.zimbabwestar.com/news/279318790/hello-africa-rwandan-agricultural-professionals-gain-insights-from-chinese-training-program
1323940173	20260920	202609	2026	2026.7123											RWA	KIGALI	RWA								1	040	040	04	1	1.0	1	1	1	2.75229357798165	0								1	China	CH	CH		35	105	CH	4	Kigali, (RW09), Rwanda	RW	RW09	21996	-1.95361	30.0606	-2181358	20260920103000	http://www.zimbabwestar.com/news/279318790/hello-africa-rwandan-agricultural-professionals-gain-insights-from-chinese-training-program
1323940174	20260920	202609	2026	2026.7123											RWA	RWANDAN	RWA								1	043	043	04	1	2.8	7	1	7	2.75229357798165	0								4	Kigali, (RW09), Rwanda	RW	RW09	21996	-1.95361	30.0606	-2181358	4	Kigali, (RW09), Rwanda	RW	RW09	21996	-1.95361	30.0606	-2181358	20260920103000	http://www.zimbabwestar.com/news/279318790/hello-africa-rwandan-agricultural-professionals-gain-insights-from-chinese-training-program
1323940175	20260920	202609	2026	2026.7123											RWA	RWANDAN	RWA								1	043	043	04	1	2.8	1	1	1	2.75229357798165	0								1	China	CH	CH		35	105	CH	4	Kigali, (RW09), Rwanda	RW	RW09	21996	-1.95361	30.0606	-2181358	20260920103000	http://www.zimbabwestar.com/news/279318790/hello-africa-rwandan-agricultural-professionals-gain-insights-from-chinese-training-program
1323940176	20260920	202609	2026	2026.7123											SPYSPY	INTELLIGENCE SERVICE						SPY	SPY		0	130	130	13	3	-4.4	5	1	5	-5.60975609756097	0								4	Nyandarua, Central, Kenya	KE	KE01	18585	-0.627651	36.7083	-2246318	4	Nyandarua, Central, Kenya	KE	KE01	18585	-0.627651	36.7083	-2246318	20260920103000	https://www.the-star.co.ke/news/2026-09-20-gachagua-njeri-maina-lift-lid-on-alleged-state-attempts-to-spy-on-infiltrate-opposition
1323940177	20260920	202609	2026	2026.7123											UAF	FIGHTER						UAF			0	043	043	04	1	2.8	8	1	8	3.42979635584137	0								4	New Delhi, Delhi, India	IN	IN07	17911	28.6	77.2	-2106102	4	New Delhi, Delhi, India	IN	IN07	17911	28.6	77.2	-2106102	20260920103000	https://timesofindia.indiatimes.com/defence/news/india-japan-defence-ties-take-flight-as-air-chiefs-fly-tejas-together-during-veer-guardian-2026/articleshow/134365952.cms
1323940178	20260920	202609	2026	2026.7123											UAF	FIGHTER						UAF			0	043	043	04	1	2.8	2	1	2	3.42979635584137	0								1	Japan	JA	JA		36	138	JA	1	Japan	JA	JA		36	138	JA	20260920103000	https://timesofindia.indiatimes.com/defence/news/india-japan-defence-ties-take-flight-as-air-chiefs-fly-tejas-together-during-veer-guardian-2026/articleshow/134365952.cms
1323940179	20260920	202609	2026	2026.7123											USA	CALIFORNIA	USA								1	020	020	02	1	3.0	2	1	2	-5.50098231827112	0								1	Israel	IS	IS		31.5	34.75	IS	1	Israel	IS	IS		31.5	34.75	IS	20260920103000	https://timesofindia.indiatimes.com/entertainment/english/hollywood/news/mark-ruffalo-asks-california-attorney-general-to-reject-heavily-contested-lawsuit-settlement/articleshow/134366169.cms
1323940180	20260920	202609	2026	2026.7123											USA	UNITED STATES	USA								0	040	040	04	1	1.0	1	1	1	-1.18733509234829	0								2	Louisiana, United States	US	USLA		31.1801	-91.8749	LA	2	Louisiana, United States	US	USLA		31.1801	-91.8749	LA	20260920103000	https://www.nola.com/news/politics/national_politics/billy-nungesser-louisiana-to-pay-attention-who-leads-fda/article_dd6b7463-219a-477a-a955-67c3ae1141b0.html
1323940181	20260920	202609	2026	2026.7123											USA	CALIFORNIA	USA								1	042	042	04	1	1.9	10	1	10	4.52674897119342	0								1	Canada	CA	CA		60	-96	CA	1	Canada	CA	CA		60	-96	CA	20260920103000	https://www.praise1065.com/aaron-arnett/
1323940182	20260920	202609	2026	2026.7123											USA	UNITED STATES	USA								0	051	051	05	1	3.4	2	1	2	-3.7593984962406	0								2	Delaware, United States	US	USDE		39.3498	-75.5148	DE	2	Delaware, United States	US	USDE		39.3498	-75.5148	DE	20260920103000	https://www.kunr.org/u-s-headlines/2026-09-20/judge-orders-fox-to-hand-over-hundreds-of-documents-in-shareholders-case
1323940183	20260920	202609	2026	2026.7123											USA	UNITED STATES	USA								0	112	112	11	3	-2.0	2	1	2	-2.81899109792284	0								2	California, United States	US	USCA		36.17	-119.746	CA	2	California, United States	US	USCA		36.17	-119.746	CA	20260920103000	https://www.aol.co.uk/articles/leftists-waves-trump-flexes-muscles-100013000.html
1323940184	20260920	202609	2026	2026.7123											USA	UNITED STATES	USA								0	114	114	11	3	-2.0	2	1	2	-0.83283759666864	0								3	San Diego, California, United States	US	USCA		32.7153	-117.157	1661377	3	San Diego, California, United States	US	USCA		32.7153	-117.157	1661377	20260920103000	https://www.moneytalksnews.com/she-thought-shed-booked-a-dream-vacation-rental-then-she-arrived/
1323940185	20260920	202609	2026	2026.7123											USA	UNITED STATES	USA								0	180	180	18	4	-9.0	2	1	2	-2.81899109792284	0								2	California, United States	US	USCA		36.17	-119.746	CA	2	California, United States	US	USCA		36.17	-119.746	CA	20260920103000	https://www.aol.co.uk/articles/leftists-waves-trump-flexes-muscles-100013000.html
1323940186	20260920	202609	2026	2026.7123											USA	UNITED STATES	USA								0	190	190	19	4	-10.0	4	1	4	-3.24825986078886	0								3	New Orleans, Louisiana, United States	US	USLA		29.9546	-90.0751	1629985	3	New Orleans, Louisiana, United States	US	USLA		29.9546	-90.0751	1629985	20260920103000	https://www.nola.com/news/kenner-seeks-state-input-on-airport-board/article_de6dfb73-eb76-492f-a2bb-df318ea05d2a.html
1323940187	20260920	202609	2026	2026.7123	AFR	AFRICA	AFR																		0	180	180	18	4	-9.0	2	1	2	-0.83283759666864	1	South Africa	SF	SF		-30	26	SF	0								1	South Africa	SF	SF		-30	26	SF	20260920103000	https://www.moneytalksnews.com/she-thought-shed-booked-a-dream-vacation-rental-then-she-arrived/
1323940188	20260920	202609	2026	2026.7123	ARE	EMIRATI	ARE																		0	010	010	01	1	0.0	3	1	3	-0.53835800807537	3	White House, District of Columbia, United States	US	USDC		38.8951	-77.0364	531871	0								3	White House, District of Columbia, United States	US	USDC		38.8951	-77.0364	531871	20260920103000	https://www.theguardian.com/us-news/2026/sep/20/trump-ai-policy-financial-interest
1323940189	20260920	202609	2026	2026.7123	ARE	EMIRATI	ARE								USA	UNITED STATES	USA								0	010	010	01	1	0.0	2	1	2	-0.53835800807537	3	White House, District of Columbia, United States	US	USDC		38.8951	-77.0364	531871	3	White House, District of Columbia, United States	US	USDC		38.8951	-77.0364	531871	3	White House, District of Columbia, United States	US	USDC		38.8951	-77.0364	531871	20260920103000	https://www.theguardian.com/us-news/2026/sep/20/trump-ai-policy-financial-interest
1323940190	20260920	202609	2026	2026.7123	AUS	AUSTRALIA	AUS																		1	010	010	01	1	0.0	4	1	4	-0.28129395218002	4	Mount Everest, New South Wales, Australia	AS	AS02	5096	-30.0318	150.635	11363637	0								4	Mount Everest, New South Wales, Australia	AS	AS02	5096	-30.0318	150.635	11363637	20260920103000	http://thepeninsulaqatar.com/article/20/09/2026/in-tenzing-a-sherpa-mountaineer-gets-his-due
1323940191	20260920	202609	2026	2026.7123	AUS	AUSTRALIA	AUS																		1	120	120	12	3	-4.0	2	1	2	-0.28129395218002	4	Mount Everest, New South Wales, Australia	AS	AS02	5096	-30.0318	150.635	11363637	0								4	Mount Everest, New South Wales, Australia	AS	AS02	5096	-30.0318	150.635	11363637	20260920103000	http://thepeninsulaqatar.com/article/20/09/2026/in-tenzing-a-sherpa-mountaineer-gets-his-due
1323940192	20260920	202609	2026	2026.7123	BGD	BANGLADESH	BGD																		1	010	010	01	1	0.0	2	1	2	-8	4	Rajib, Rangpur, Bangladesh	BG	BG87	5818	25.7278	89.4487	-2732602	0								4	Rajib, Rangpur, Bangladesh	BG	BG87	5818	25.7278	89.4487	-2732602	20260920103000	https://bdnews24.com/bangladesh/j54dsimpb6
1323940193	20260920	202609	2026	2026.7123	BGD	BANGLADESH	BGD																		1	010	010	01	1	0.0	2	1	2	-8	4	Rajib, Rangpur, Bangladesh	BG	BG87	5818	25.7278	89.4487	-2732602	0								1	Saudi Arabia	SA	SA		25	45	SA	20260920103000	https://bdnews24.com/bangladesh/j54dsimpb6
1323940194	20260920	202609	2026	2026.7123	BGD	BANGLADESH	BGD																		0	100	100	10	3	-5.0	10	1	10	-7.10659898477158	4	Jatrabari, Bangladesh (general), Bangladesh	BG	BG00	5790	24.9833	90.9167	-2722689	0								4	Jatrabari, Bangladesh (general), Bangladesh	BG	BG00	5790	24.9833	90.9167	-2722689	20260920103000	https://bdnews24.com/bangladesh/xuiumxaqww
1323940195	20260920	202609	2026	2026.7123	BGD	BANGLADESH	BGD																		1	120	120	12	3	-4.0	10	1	10	-7.10659898477158	4	Jatrabari, Bangladesh (general), Bangladesh	BG	BG00	5790	24.9833	90.9167	-2722689	0								4	Jatrabari, Bangladesh (general), Bangladesh	BG	BG00	5790	24.9833	90.9167	-2722689	20260920103000	https://bdnews24.com/bangladesh/xuiumxaqww
1323940196	20260920	202609	2026	2026.7123	BGD	BANGLADESH	BGD								GOV	GOVERNMENT						GOV			1	043	043	04	1	2.8	10	1	10	-7.10659898477158	4	Dhaka, Dhaka, Bangladesh	BG	BG81	5778	23.7231	90.4086	-2737683	4	Dhaka, Dhaka, Bangladesh	BG	BG81	5778	23.7231	90.4086	-2737683	4	Dhaka, Dhaka, Bangladesh	BG	BG81	5778	23.7231	90.4086	-2737683	20260920103000	https://bdnews24.com/bangladesh/xuiumxaqww
1323940197	20260920	202609	2026	2026.7123	BGD	BANGLADESH	BGD								SAU	SAUDI ARABIA	SAU								1	042	042	04	1	1.9	1	1	1	-8	4	Rajib, Rangpur, Bangladesh	BG	BG87	5818	25.7278	89.4487	-2732602	4	Rajib, Rangpur, Bangladesh	BG	BG87	5818	25.7278	89.4487	-2732602	4	Rajib, Rangpur, Bangladesh	BG	BG87	5818	25.7278	89.4487	-2732602	20260920103000	https://bdnews24.com/bangladesh/j54dsimpb6
1323940198	20260920	202609	2026	2026.7123	BGD	BANGLADESH	BGD								SAU	SAUDI ARABIA	SAU								1	042	042	04	1	1.9	1	1	1	-8	1	Saudi Arabia	SA	SA		25	45	SA	4	Rajib, Rangpur, Bangladesh	BG	BG87	5818	25.7278	89.4487	-2732602	4	Rajib, Rangpur, Bangladesh	BG	BG87	5818	25.7278	89.4487	-2732602	20260920103000	https://bdnews24.com/bangladesh/j54dsimpb6
1323940199	20260920	202609	2026	2026.7123	BGD	BANGLADESH	BGD								SAU	SAUDI ARABIA	SAU								1	042	042	04	1	1.9	2	1	2	-8	1	Saudi Arabia	SA	SA		25	45	SA	1	Saudi Arabia	SA	SA		25	45	SA	1	Saudi Arabia	SA	SA		25	45	SA	20260920103000	https://bdnews24.com/bangladesh/j54dsimpb6
1323940200	20260920	202609	2026	2026.7123	BUS	COMPANY						BUS													1	020	020	02	1	3.0	10	1	10	-6.8075117370892	4	Ruaraka, Nairobi Area, Kenya	KE	KE05	18585	-1.23333	36.8833	-2261774	0								4	Ruaraka, Nairobi Area, Kenya	KE	KE05	18585	-1.23333	36.8833	-2261774	20260920103000	https://www.the-star.co.ke/news/2026-09-20-vandals-bring-down-tower-disrupt-power-supply
1323940201	20260920	202609	2026	2026.7123	BUS	SERVER						BUS													1	020	020	02	1	3.0	5	1	5	-2.25733634311513	2	New York, United States	US	USNY		42.1497	-74.9384	NY	0								2	New York, United States	US	USNY		42.1497	-74.9384	NY	20260920103000	https://www.newyorker.com/culture/the-food-scene/ugly-baby-is-hot-but-has-a-personality-too
1323940202	20260920	202609	2026	2026.7123	BUS	SERVER						BUS													1	043	043	04	1	2.8	5	1	5	-2.25733634311513	2	New York, United States	US	USNY		42.1497	-74.9384	NY	0								2	New York, United States	US	USNY		42.1497	-74.9384	NY	20260920103000	https://www.newyorker.com/culture/the-food-scene/ugly-baby-is-hot-but-has-a-personality-too
1323940203	20260920	202609	2026	2026.7123	BUS	COMPANY						BUS													0	060	060	06	2	6.0	2	1	2	-0.83283759666864	1	South Africa	SF	SF		-30	26	SF	0								3	San Diego, California, United States	US	USCA		32.7153	-117.157	1661377	20260920103000	https://www.moneytalksnews.com/she-thought-shed-booked-a-dream-vacation-rental-then-she-arrived/
1323940204	20260920	202609	2026	2026.7123	BUS	COMPANY						BUS													0	060	060	06	2	6.0	8	1	8	-0.83283759666864	1	South Africa	SF	SF		-30	26	SF	0								1	South Africa	SF	SF		-30	26	SF	20260920103000	https://www.moneytalksnews.com/she-thought-shed-booked-a-dream-vacation-rental-then-she-arrived/
1323940205	20260920	202609	2026	2026.7123	BUS	COMPANY						BUS													1	061	061	06	2	6.4	5	1	5	1.23304562268804	4	Blackrock, Nova Scotia, Canada	CA	CA07	12626	45.3167	-60.95	-561321	0								4	Blackrock, Nova Scotia, Canada	CA	CA07	12626	45.3167	-60.95	-561321	20260920103000	https://www.dailypolitical.com/2026/09/20/advance-auto-parts-inc-nyseaap-given-consensus-recommendation-of-hold-by-brokerages.html
1323940206	20260920	202609	2026	2026.7123	BUS	COMPANIES						BUS													1	070	070	07	2	7.0	8	1	8	-0.31779661016949	1	China	CH	CH		35	105	CH	0								1	China	CH	CH		35	105	CH	20260920103000	https://reason.com/2026/09/20/robot-hands-need-robot-eyes/
1323940207	20260920	202609	2026	2026.7123	BUS	COMPANIES						BUS													0	072	072	07	2	8.3	5	1	5	-3.29896907216495	1	Kenya	KE	KE		1	38	KE	0								1	Kenya	KE	KE		1	38	KE	20260920103000	https://www.the-star.co.ke/news/corridors-of-power/2026-09-20-mp-extorts-senior-official-for-link-with-top-boss
1323940208	20260920	202609	2026	2026.7123	BUS	COMPANY						BUS													0	111	111	11	3	-2.0	5	1	5	1.23304562268804	4	Blackrock, Nova Scotia, Canada	CA	CA07	12626	45.3167	-60.95	-561321	0								4	Blackrock, Nova Scotia, Canada	CA	CA07	12626	45.3167	-60.95	-561321	20260920103000	https://www.dailypolitical.com/2026/09/20/advance-auto-parts-inc-nyseaap-given-consensus-recommendation-of-hold-by-brokerages.html
1323940209	20260920	202609	2026	2026.7123	BUS	AIRWAY						BUS													1	160	160	16	4	-4.0	2	1	2	-2.56111757857974	5	Shizuoka, Shizuoka, Japan	JA	JA37	36171	35.0252	138.325	-244118	0								5	Shizuoka, Shizuoka, Japan	JA	JA37	36171	35.0252	138.325	-244118	20260920103000	https://newsonjapan.com/article/150813.php
1323940210	20260920	202609	2026	2026.7123	BUS	COMPANY						BUS													0	1712	171	17	4	-9.2	10	1	10	-6.8075117370892	4	Ruaraka, Nairobi Area, Kenya	KE	KE05	18585	-1.23333	36.8833	-2261774	0								4	Ruaraka, Nairobi Area, Kenya	KE	KE05	18585	-1.23333	36.8833	-2261774	20260920103000	https://www.the-star.co.ke/news/2026-09-20-vandals-bring-down-tower-disrupt-power-supply
1323940211	20260920	202609	2026	2026.7123	BUS	BUSINESS						BUS			ARELEG	DUBAI	ARE					LEG			1	071	071	07	2	7.4	7	1	7	5.73770491803279	4	Dubai, Dubayy, United Arab Emirates	AE	AE03	28575	25.2522	55.28	-782831	4	Dubai, Dubayy, United Arab Emirates	AE	AE03	28575	25.2522	55.28	-782831	4	Dubai, Dubayy, United Arab Emirates	AE	AE03	28575	25.2522	55.28	-782831	20260920103000	https://www.gdnonline.com:443/Details/1407071
1323940212	20260920	202609	2026	2026.7123	BUS	COMPANIES						BUS			CHN	CHINA	CHN								0	112	112	11	3	-2.0	2	1	2	-0.72859744990893	3	Fort Worth, Texas, United States	US	USTX	TX439	32.7254	-97.3208	1380947	3	Fort Worth, Texas, United States	US	USTX		32.7254	-97.3208	1380947	3	Fort Worth, Texas, United States	US	USTX		32.7254	-97.3208	1380947	20260920103000	https://www.nbcdfw.com/news/national-international/trump-china-red-carpet-xi-visit/4079624/
1323940213	20260920	202609	2026	2026.7123	BUS	INDUSTRY						BUS			GOV	PRESIDENT						GOV			1	043	043	04	1	2.8	10	1	10	-0.53835800807537	3	White House, District of Columbia, United States	US	USDC		38.8951	-77.0364	531871	3	White House, District of Columbia, United States	US	USDC		38.8951	-77.0364	531871	3	White House, District of Columbia, United States	US	USDC		38.8951	-77.0364	531871	20260920103000	https://www.theguardian.com/us-news/2026/sep/20/trump-ai-policy-financial-interest
1323940214	20260920	202609	2026	2026.7123	BUS	EMPLOYER						BUS			ITA	PIEDMONT	ITA								1	042	042	04	1	1.9	10	1	10	5.51724137931035	0								0								0								20260920103000	https://whky.com/job-fair-scheduled-in-alexander-county/
1323940215	20260920	202609	2026	2026.7123	BUS	CORPORATION						BUS			RWA	RWANDAN	RWA								0	045	045	04	1	5.0	2	1	2	2.75229357798165	4	Kigali, (RW09), Rwanda	RW	RW09	21996	-1.95361	30.0606	-2181358	4	Kigali, (RW09), Rwanda	RW	RW09	21996	-1.95361	30.0606	-2181358	4	Kigali, (RW09), Rwanda	RW	RW09	21996	-1.95361	30.0606	-2181358	20260920103000	http://www.zimbabwestar.com/news/279318790/hello-africa-rwandan-agricultural-professionals-gain-insights-from-chinese-training-program
1323940216	20260920	202609	2026	2026.7123	BUS	CORPORATION						BUS			RWA	RWANDA	RWA								0	045	045	04	1	5.0	1	1	1	2.75229357798165	1	China	CH	CH		35	105	CH	4	Kigali, (RW09), Rwanda	RW	RW09	21996	-1.95361	30.0606	-2181358	4	Kigali, (RW09), Rwanda	RW	RW09	21996	-1.95361	30.0606	-2181358	20260920103000	http://www.zimbabwestar.com/news/279318790/hello-africa-rwandan-agricultural-professionals-gain-insights-from-chinese-training-program
1323940217	20260920	202609	2026	2026.7123	BUS	COMPANY						BUS			USA	DELAWARE	USA								1	060	060	06	2	6.0	10	1	10	2.3972602739726	2	Idaho, United States	US	USID		44.2394	-114.51	ID	2	Idaho, United States	US	USID		44.2394	-114.51	ID	2	Idaho, United States	US	USID		44.2394	-114.51	ID	20260920103000	https://timesofindia.indiatimes.com/world/us/a-historic-oregon-cattle-ranch-spanning-37-square-miles-sold-for-27-55-million-buyer-plans-conservation-credit-projects-instead-of-development/articleshow/134366167.cms
1323940218	20260920	202609	2026	2026.7123	BUS	COMPANIES						BUS			USA	UNITED STATES	USA								1	070	070	07	2	7.0	2	1	2	-0.31779661016949	1	China	CH	CH		35	105	CH	1	China	CH	CH		35	105	CH	1	China	CH	CH		35	105	CH	20260920103000	https://reason.com/2026/09/20/robot-hands-need-robot-eyes/
1323940219	20260920	202609	2026	2026.7123	CAN	CANADA	CAN																		1	010	010	01	1	0.0	4	1	4	-0.28129395218002	1	United Kingdom	UK	UK		54	-4	UK	0								4	Toronto, Ontario, Canada	CA	CA08	12686	43.6667	-79.4167	-574890	20260920103000	http://thepeninsulaqatar.com/article/20/09/2026/in-tenzing-a-sherpa-mountaineer-gets-his-due
1323940220	20260920	202609	2026	2026.7123	CHE	SWISS	CHE																		1	014	014	01	1	0.0	10	1	10	0.44843049327355	1	Switzerland	SZ	SZ		47	8	SZ	0								1	Switzerland	SZ	SZ		47	8	SZ	20260920103000	https://www.swissinfo.ch/eng/energy-transition/swiss-referendum-against-new-nuclear-power-plants/92088172
1323940221	20260920	202609	2026	2026.7123	CHE	SWISS	CHE																		1	110	110	11	3	-2.0	33	1	10	0.44843049327355	1	Switzerland	SZ	SZ		47	8	SZ	0								1	Switzerland	SZ	SZ		47	8	SZ	20260920103000	https://www.swissinfo.ch/eng/energy-transition/swiss-referendum-against-new-nuclear-power-plants/92088172
1323940222	20260920	202609	2026	2026.7123	CHE	SWISS	CHE								CHELEG	SWITZERLAND	CHE					LEG			1	010	010	01	1	0.0	2	1	2	-5.65552699228792	4	Oerlikon, Switzerland (general), Switzerland	SZ	SZ00	26310	47.41	8.55817	-2553505	4	Oerlikon, Switzerland (general), Switzerland	SZ	SZ00	26310	47.41	8.55817	-2553505	4	Oerlikon, Switzerland (general), Switzerland	SZ	SZ00	26310	47.41	8.55817	-2553505	20260920103000	https://www.swissinfo.ch/eng/demographics/zurich-anti-abortion-march-disrupted-by-protesters/92088374
1323940223	20260920	202609	2026	2026.7123	CHE	SWISS	CHE								LEG	PARLIAMENTARIAN						LEG			1	010	010	01	1	0.0	8	1	8	-5.65552699228792	4	Oerlikon, Switzerland (general), Switzerland	SZ	SZ00	26310	47.41	8.55817	-2553505	4	Oerlikon, Switzerland (general), Switzerland	SZ	SZ00	26310	47.41	8.55817	-2553505	4	Oerlikon, Switzerland (general), Switzerland	SZ	SZ00	26310	47.41	8.55817	-2553505	20260920103000	https://www.swissinfo.ch/eng/demographics/zurich-anti-abortion-march-disrupted-by-protesters/92088374
1323940224	20260920	202609	2026	2026.7123	CHE	ZURICH	CHE								OPP	DEMONSTRATOR						OPP			1	043	043	04	1	2.8	10	1	10	-5.65552699228792	4	Zurich, ZüSZ, Switzerland	SZ	SZ25	26310	47.3667	8.55	-2554935	4	Zurich, ZüSZ, Switzerland	SZ	SZ25	26310	47.3667	8.55	-2554935	4	Zurich, ZüSZ, Switzerland	SZ	SZ25	26310	47.3667	8.55	-2554935	20260920103000	https://www.swissinfo.ch/eng/demographics/zurich-anti-abortion-march-disrupted-by-protesters/92088374
1323940225	20260920	202609	2026	2026.7123	CHN	CHINA	CHN																		0	010	010	01	1	0.0	2	1	2	-5.28360528360528	4	Beijing, Beijing, China	CH	CH22	13001	39.9289	116.388	-1898541	0								3	Washington, District of Columbia, United States	US	USDC	DC001	38.8951	-77.0364	531871	20260920103000	https://www.theepochtimes.com/china/us-urged-to-prepare-for-sudden-collapse-of-communist-regime-in-china-6091013
1323940226	20260920	202609	2026	2026.7123	CHN	BEIJING	CHN								MILLEG	MILITARY						MIL	LEG		0	043	043	04	1	2.8	8	1	8	-5.28360528360528	4	Beijing, Beijing, China	CH	CH22	13001	39.9289	116.388	-1898541	4	Beijing, Beijing, China	CH	CH22	13001	39.9289	116.388	-1898541	4	Beijing, Beijing, China	CH	CH22	13001	39.9289	116.388	-1898541	20260920103000	https://www.theepochtimes.com/china/us-urged-to-prepare-for-sudden-collapse-of-communist-regime-in-china-6091013
1323940227	20260920	202609	2026	2026.7123	CHN	BEIJING	CHN								MILLEG	MILITARY						MIL	LEG		0	043	043	04	1	2.8	2	1	2	-5.28360528360528	4	Beijing, Beijing, China	CH	CH22	13001	39.9289	116.388	-1898541	4	Toronto, Ontario, Canada	CA	CA08	12686	43.6667	-79.4167	-574890	4	Toronto, Ontario, Canada	CA	CA08	12686	43.6667	-79.4167	-574890	20260920103000	https://www.theepochtimes.com/china/us-urged-to-prepare-for-sudden-collapse-of-communist-regime-in-china-6091013
1323940228	20260920	202609	2026	2026.7123	CHRPRO	METHODIST CHURCH				CHR	PRO														1	043	043	04	1	2.8	6	1	6	0.14245014245014	2	North Carolina, United States	US	USNC		35.6411	-79.8431	NC	0								2	North Carolina, United States	US	USNC		35.6411	-79.8431	NC	20260920103000	https://timesofindia.indiatimes.com/world/us/in-1942-a-24-year-old-wwii-pilot-vanished-over-egypt-84-years-later-his-family-finally-buries-him-beside-his-parents-in-north-carolina/articleshow/134364960.cms
1323940229	20260920	202609	2026	2026.7123	CHRPRO	METHODIST CHURCH				CHR	PRO				USA	UNITED STATES	USA								1	043	043	04	1	2.8	4	1	4	0.14245014245014	3	Vanceboro, North Carolina, United States	US	USNC	NC049	35.3085	-77.1541	996583	3	Vanceboro, North Carolina, United States	US	USNC	NC049	35.3085	-77.1541	996583	3	Vanceboro, North Carolina, United States	US	USNC	NC049	35.3085	-77.1541	996583	20260920103000	https://timesofindia.indiatimes.com/world/us/in-1942-a-24-year-old-wwii-pilot-vanished-over-egypt-84-years-later-his-family-finally-buries-him-beside-his-parents-in-north-carolina/articleshow/134364960.cms
1323940230	20260920	202609	2026	2026.7123	CHRPRO117	SEVENTH DAY ADVENTIST CHURCH				CHR	PRO														1	017	017	01	1	0.0	2	1	2	0.19646365422397	4	Siaya, Nyanza, Kenya	KE	KE07	18585	0.061158	34.2882	29069	0								4	Siaya, Nyanza, Kenya	KE	KE07	18585	0.061158	34.2882	29069	20260920103000	https://www.the-star.co.ke/news/2026-09-20-jitters-as-nyoro-matiangi-political-moves-reshape-mt-kenya-opposition-politics
1323940231	20260920	202609	2026	2026.7123	CHRPRO117	SEVENTH DAY ADVENTIST CHURCH				CHR	PRO														1	042	042	04	1	1.9	2	1	2	0.19646365422397	4	Kangema, Central, Kenya	KE	KE01	18585	-0.683333	36.9667	-2248324	0								4	Kangema, Central, Kenya	KE	KE01	18585	-0.683333	36.9667	-2248324	20260920103000	https://www.the-star.co.ke/news/2026-09-20-jitters-as-nyoro-matiangi-political-moves-reshape-mt-kenya-opposition-politics
1323940232	20260920	202609	2026	2026.7123	CHRPRO117	SEVENTH DAY ADVENTIST CHURCH				CHR	PRO				KEN	KENYA	KEN								1	017	017	01	1	0.0	4	1	4	0.19646365422397	4	Siaya, Nyanza, Kenya	KE	KE07	18585	0.061158	34.2882	29069	4	Siaya, Nyanza, Kenya	KE	KE07	18585	0.061158	34.2882	29069	4	Siaya, Nyanza, Kenya	KE	KE07	18585	0.061158	34.2882	29069	20260920103000	https://www.the-star.co.ke/news/2026-09-20-jitters-as-nyoro-matiangi-political-moves-reshape-mt-kenya-opposition-politics
1323940233	20260920	202609	2026	2026.7123	CHRPRO117	SEVENTH DAY ADVENTIST CHURCH				CHR	PRO				KEN	KENYA	KEN								1	042	042	04	1	1.9	4	1	4	0.19646365422397	4	Kangema, Central, Kenya	KE	KE01	18585	-0.683333	36.9667	-2248324	4	Kangema, Central, Kenya	KE	KE01	18585	-0.683333	36.9667	-2248324	4	Kangema, Central, Kenya	KE	KE01	18585	-0.683333	36.9667	-2248324	20260920103000	https://www.the-star.co.ke/news/2026-09-20-jitters-as-nyoro-matiangi-political-moves-reshape-mt-kenya-opposition-politics
1323940234	20260920	202609	2026	2026.7123	CHRPRO117	SEVENTH DAY ADVENTIST CHURCH				CHR	PRO				KEN	KENYA	KEN								1	043	043	04	1	2.8	3	1	3	0.19646365422397	4	Kiharu, Central, Kenya	KE	KE01	18585	-0.716667	37.15	-2250537	4	Kiharu, Central, Kenya	KE	KE01	18585	-0.716667	37.15	-2250537	4	Kiharu, Central, Kenya	KE	KE01	18585	-0.716667	37.15	-2250537	20260920103000	https://www.the-star.co.ke/news/2026-09-20-jitters-as-nyoro-matiangi-political-moves-reshape-mt-kenya-opposition-politics
1323940235	20260920	202609	2026	2026.7123	COP	POLICE						COP													0	020	020	02	1	3.0	10	1	10	-10.0719424460432	1	Yemen	YM	YM		15.5	47.5	YM	0								1	Yemen	YM	YM		15.5	47.5	YM	20260920103000	https://www.indiablooms.com/world/sikh-bus-driver-attacked-bus-hijacked-in-uk-driverless-vehicle-rams-cars/details
1323940236	20260920	202609	2026	2026.7123	COP	POLICE						COP													1	023	023	02	1	3.4	10	1	10	-10.0719424460432	1	Yemen	YM	YM		15.5	47.5	YM	0								1	Yemen	YM	YM		15.5	47.5	YM	20260920103000	https://www.indiablooms.com/world/sikh-bus-driver-attacked-bus-hijacked-in-uk-driverless-vehicle-rams-cars/details
1323940237	20260920	202609	2026	2026.7123	COP	POLICE						COP													1	030	030	03	1	4.0	10	1	10	-7.75193798449612	4	Wanhua, Pingdong Xian, Taiwan	TW	TW18	13277	22.4651	120.504	-2627185	0								4	Wanhua, Pingdong Xian, Taiwan	TW	TW18	13277	22.4651	120.504	-2627185	20260920103000	https://focustaiwan.tw/society/202609200006
1323940238	20260920	202609	2026	2026.7123	COP	POLICE						COP													0	090	090	09	2	-2.0	5	1	5	-8.51851851851852	4	Tardeo, Maharashtra, India	IN	IN16	70184	18.9667	72.8167	-2112721	0								4	Tardeo, Maharashtra, India	IN	IN16	70184	18.9667	72.8167	-2112721	20260920103000	https://www.orissapost.com/three-killed-one-injured-as-speeding-bmw-crashes-on-coastal-road-in-mumbai/
1323940239	20260920	202609	2026	2026.7123	COP	POLICE						COP													0	090	090	09	2	-2.0	2	1	2	-7.82997762863535	4	Busia, Western, Kenya	KE	KE09	18585	0.467084	34.0882	-2242746	0								4	Busia, Western, Kenya	KE	KE09	18585	0.467084	34.0882	-2242746	20260920103000	https://www.the-star.co.ke/news/2026-09-20-factory-tragedy-as-machine-operator-is-killed-by-metal
1323940240	20260920	202609	2026	2026.7123	COP	POLICE						COP													0	090	090	09	2	-2.0	2	1	2	-7.82997762863535	4	Busia, Western, Kenya	KE	KE09	18585	0.467084	34.0882	-2242746	0								4	Kisii, Nyanza, Kenya	KE	KE07	18585	-0.67394	34.7722	-2251485	20260920103000	https://www.the-star.co.ke/news/2026-09-20-factory-tragedy-as-machine-operator-is-killed-by-metal
1323940241	20260920	202609	2026	2026.7123	COP	POLICE						COP													0	090	090	09	2	-2.0	6	1	6	-7.82997762863535	4	Kisii, Nyanza, Kenya	KE	KE07	18585	-0.67394	34.7722	-2251485	0								4	Kisii, Nyanza, Kenya	KE	KE07	18585	-0.67394	34.7722	-2251485	20260920103000	https://www.the-star.co.ke/news/2026-09-20-factory-tragedy-as-machine-operator-is-killed-by-metal
1323940242	20260920	202609	2026	2026.7123	COP	POLICE						COP													1	090	090	09	2	-2.0	5	1	5	-6.8075117370892	4	Ruaraka, Nairobi Area, Kenya	KE	KE05	18585	-1.23333	36.8833	-2261774	0								4	Ruaraka, Nairobi Area, Kenya	KE	KE05	18585	-1.23333	36.8833	-2261774	20260920103000	https://www.the-star.co.ke/news/2026-09-20-vandals-bring-down-tower-disrupt-power-supply
1323940243	20260920	202609	2026	2026.7123	COP	POLICE						COP													0	090	090	09	2	-2.0	5	1	5	-8.51851851851852	4	Bandra, Maharashtra, India	IN	IN16	70184	19.0667	72.8333	82619	0								4	Bandra, Maharashtra, India	IN	IN16	70184	19.0667	72.8333	82619	20260920103000	https://www.orissapost.com/three-killed-one-injured-as-speeding-bmw-crashes-on-coastal-road-in-mumbai/
1323940244	20260920	202609	2026	2026.7123	COP	DEPUTY						COP													0	111	111	11	3	-2.0	4	1	4	-5.60975609756097	4	Nyandarua, Central, Kenya	KE	KE01	18585	-0.627651	36.7083	-2246318	0								4	Nyandarua, Central, Kenya	KE	KE01	18585	-0.627651	36.7083	-2246318	20260920103000	https://www.the-star.co.ke/news/2026-09-20-gachagua-njeri-maina-lift-lid-on-alleged-state-attempts-to-spy-on-infiltrate-opposition
1323940245	20260920	202609	2026	2026.7123	COP	POLICE						COP													1	112	112	11	3	-2.0	5	1	5	-6.89655172413793	4	East District, India (general), India	IN	IN00	17861	27.3333	88.6667	-2095400	0								4	East District, India (general), India	IN	IN00	17861	27.3333	88.6667	-2095400	20260920103000	https://www.prokerala.com/news/articles/a1814487.html
1323940246	20260920	202609	2026	2026.7123	COP	POLICE						COP													0	112	112	11	3	-2.0	10	1	10	-10.0719424460432	1	Yemen	YM	YM		15.5	47.5	YM	0								1	Yemen	YM	YM		15.5	47.5	YM	20260920103000	https://www.indiablooms.com/world/sikh-bus-driver-attacked-bus-hijacked-in-uk-driverless-vehicle-rams-cars/details
1323940247	20260920	202609	2026	2026.7123	COP	POLICE						COP													0	115	115	11	3	-2.0	30	1	20	-2.87184075150972	0								0								0								20260920103000	https://bdnews24.com/bangladesh/t7mlig0a3r
1323940248	20260920	202609	2026	2026.7123	COP	DETECTIVE						COP			BGD	BANGLADESH	BGD								1	173	173	17	4	-5.0	2	1	2	-6.47948164146868	4	Jatrabari, Bangladesh (general), Bangladesh	BG	BG00	5790	24.9833	90.9167	-2722689	4	Jatrabari, Bangladesh (general), Bangladesh	BG	BG00	5790	24.9833	90.9167	-2722689	4	Jatrabari, Bangladesh (general), Bangladesh	BG	BG00	5790	24.9833	90.9167	-2722689	20260920103000	https://bdnews24.com/bangladesh/77wnfpknts
1323940249	20260920	202609	2026	2026.7123	COP	POLICE						COP			BGDEDU	BANGLADESH	BGD					EDU			0	173	173	17	4	-5.0	6	1	6	-4.59770114942529	4	Tejgaon, Bangladesh (general), Bangladesh	BG	BG00	5778	23.7667	90.4	-2737997	4	Tejgaon, Bangladesh (general), Bangladesh	BG	BG00	5778	23.7667	90.4	-2737997	4	Tejgaon, Bangladesh (general), Bangladesh	BG	BG00	5778	23.7667	90.4	-2737997	20260920103000	https://bdnews24.com/bangladesh/tqjr6b70uj
1323940250	20260920	202609	2026	2026.7123	COP	POLICE						COP			EDU	COLLEGE						EDU			1	010	010	01	1	0.0	10	1	5	-4.11764705882352	0								0								0								20260920103000	https://bdnews24.com/bangladesh/t7mlig0a3r
1323940251	20260920	202609	2026	2026.7123	COP	POLICE						COP			EDU	COLLEGE						EDU			0	173	173	17	4	-5.0	2	1	2	-4.59770114942529	4	Tejgaon, Bangladesh (general), Bangladesh	BG	BG00	5778	23.7667	90.4	-2737997	4	Tejgaon, Bangladesh (general), Bangladesh	BG	BG00	5778	23.7667	90.4	-2737997	4	Tejgaon, Bangladesh (general), Bangladesh	BG	BG00	5778	23.7667	90.4	-2737997	20260920103000	https://bdnews24.com/bangladesh/tqjr6b70uj
1323940252	20260920	202609	2026	2026.7123	COP	POLICE						COP			EDUEDU	COLLEGE						EDU	EDU		1	0874	087	08	2	10.0	5	1	5	-6.89655172413793	4	East District, India (general), India	IN	IN00	17861	27.3333	88.6667	-2095400	4	East District, India (general), India	IN	IN00	17861	27.3333	88.6667	-2095400	4	East District, India (general), India	IN	IN00	17861	27.3333	88.6667	-2095400	20260920103000	https://www.prokerala.com/news/articles/a1814487.html
1323940253	20260920	202609	2026	2026.7123	COP	POLICE						COP			FRA	FRANCE	FRA								1	042	042	04	1	1.9	1	1	1	-5.83090379008747	4	Paris, France (general), France	FR	FR00	16282	48.8667	2.33333	-1456928	1	Qatar	QA	QA		25.5	51.25	QA	4	Paris, France (general), France	FR	FR00	16282	48.8667	2.33333	-1456928	20260920103000	http://thepeninsulaqatar.com/article/20/09/2026/germans-arrested-for-louvre-stunt-in-mona-lisa-hall
1323940254	20260920	202609	2026	2026.7123	COP	DEPUTY						COP			KEN	KENYA	KEN								1	020	020	02	1	3.0	1	1	1	0.19646365422397	4	Muranga, Central, Kenya	KE	KE01	18585	-0.716667	37.15	-2257236	4	Muranga, Central, Kenya	KE	KE01	18585	-0.716667	37.15	-2257236	4	Muranga, Central, Kenya	KE	KE01	18585	-0.716667	37.15	-2257236	20260920103000	https://www.the-star.co.ke/news/2026-09-20-jitters-as-nyoro-matiangi-political-moves-reshape-mt-kenya-opposition-politics
1323940255	20260920	202609	2026	2026.7123	COP	POLICE						COP			LAB	WORKER						LAB			1	010	010	01	1	0.0	10	1	10	-7.82997762863535	4	Nairobi, Nairobi Area, Kenya	KE	KE05	18585	-1.28333	36.8167	-2258072	4	Nairobi, Nairobi Area, Kenya	KE	KE05	18585	-1.28333	36.8167	-2258072	4	Nairobi, Nairobi Area, Kenya	KE	KE05	18585	-1.28333	36.8167	-2258072	20260920103000	https://www.the-star.co.ke/news/2026-09-20-factory-tragedy-as-machine-operator-is-killed-by-metal
1323940256	20260920	202609	2026	2026.7123	COP	POLICE						COP			MOS	ISLAM				MOS					1	090	090	09	2	-2.0	20	1	10	-4.11764705882352	0								0								0								20260920103000	https://bdnews24.com/bangladesh/t7mlig0a3r
1323940257	20260920	202609	2026	2026.7123	COP	POLICE						COP			THA	SIAM	THA								1	010	010	01	1	0.0	10	1	5	-4.11764705882352	0								0								0								20260920103000	https://bdnews24.com/bangladesh/t7mlig0a3r
1323940258	20260920	202609	2026	2026.7123	COP	POLICE						COP			THA	THAILAND	THA								0	042	042	04	1	1.9	20	1	20	-7.75193798449612	1	Thailand	TH	TH		15	100	TH	1	Thailand	TH	TH		15	100	TH	1	Thailand	TH	TH		15	100	TH	20260920103000	https://focustaiwan.tw/society/202609200006
1323940259	20260920	202609	2026	2026.7123	COP	POLICE						COP			THA	SIAM	THA								1	173	173	17	4	-5.0	10	1	5	-4.11764705882352	0								0								0								20260920103000	https://bdnews24.com/bangladesh/t7mlig0a3r
1323940260	20260920	202609	2026	2026.7123	COPGOV	DEPUTY						COP	GOV												1	110	110	11	3	-2.0	3	1	3	0.57803468208092	4	Nairobi, Nairobi Area, Kenya	KE	KE05	18585	-1.28333	36.8167	-2258072	0								4	Nairobi, Nairobi Area, Kenya	KE	KE05	18585	-1.28333	36.8167	-2258072	20260920103000	https://www.the-star.co.ke/news/2026-09-20-gachagua-nairobi-sweep-prediction-meets-sifuna-wave
1323940261	20260920	202609	2026	2026.7123	COPGOV	DEPUTY						COP	GOV		KEN	NAIROBI	KEN								1	110	110	11	3	-2.0	3	1	3	0.57803468208092	4	Nairobi, Nairobi Area, Kenya	KE	KE05	18585	-1.28333	36.8167	-2258072	4	Nairobi, Nairobi Area, Kenya	KE	KE05	18585	-1.28333	36.8167	-2258072	4	Nairobi, Nairobi Area, Kenya	KE	KE05	18585	-1.28333	36.8167	-2258072	20260920103000	https://www.the-star.co.ke/news/2026-09-20-gachagua-nairobi-sweep-prediction-meets-sifuna-wave
1323940262	20260920	202609	2026	2026.7123	CRM	PERPETRATOR						CRM													0	090	090	09	2	-2.0	5	1	5	-7.10659898477158	4	Jatrabari, Bangladesh (general), Bangladesh	BG	BG00	5790	24.9833	90.9167	-2722689	0								4	Jatrabari, Bangladesh (general), Bangladesh	BG	BG00	5790	24.9833	90.9167	-2722689	20260920103000	https://bdnews24.com/bangladesh/xuiumxaqww
1323940263	20260920	202609	2026	2026.7123	CRM	MAFIA						CRM													1	110	110	11	3	-2.0	10	1	10	3.17460317460318	1	Italy	IT	IT		42.833333	12.833333	IT	0								1	Italy	IT	IT		42.833333	12.833333	IT	20260920103000	https://www.cinaradio.com/2026/09/20/protection-for-women-who-defy-the-mafia-is-changing-in-italy-does-it-go-far-enough/
1323940264	20260920	202609	2026	2026.7123	CRM	OUTLAW						CRM			MNG	MONGOL	MNG								1	046	046	04	1	7.0	10	1	10	-7.60233918128655	0								0								0								20260920103000	https://kesq.com/news/2026/09/20/cathedral-city-police-increase-enforcement-during-mongols-meeting/
1323940265	20260920	202609	2026	2026.7123	CVL	RESIDENTS						CVL													1	020	020	02	1	3.0	10	1	10	-3.24825986078886	3	New Orleans, Louisiana, United States	US	USLA	LA071	29.9546	-90.0751	1629985	0								3	New Orleans, Louisiana, United States	US	USLA		29.9546	-90.0751	1629985	20260920103000	https://www.nola.com/news/kenner-seeks-state-input-on-airport-board/article_de6dfb73-eb76-492f-a2bb-df318ea05d2a.html
1323940266	20260920	202609	2026	2026.7123	CVL	TRAVELER						CVL													0	040	040	04	1	1.0	2	1	2	-0.83283759666864	3	San Diego, California, United States	US	USCA	CA073	32.7153	-117.157	1661377	0								3	San Diego, California, United States	US	USCA		32.7153	-117.157	1661377	20260920103000	https://www.moneytalksnews.com/she-thought-shed-booked-a-dream-vacation-rental-then-she-arrived/
1323940267	20260920	202609	2026	2026.7123	CVL	MIGRANT						CVL													1	051	051	05	1	3.4	5	1	5	-1.92307692307692	1	Kenya	KE	KE		1	38	KE	0								1	Kenya	KE	KE		1	38	KE	20260920103000	https://www.the-star.co.ke/siasa/2026-09-20-shioso-national-security-requires-bona-fide-migrants-be-legalised-and-thus-welcome
1323940268	20260920	202609	2026	2026.7123	CVL	RESIDENTS						CVL													1	111	111	11	3	-2.0	12	1	12	-5.43727852779408	4	London, London, City of, United Kingdom	UK	UKH9	40110	51.5	-0.116667	-2601889	0								4	London, London, City of, United Kingdom	UK	UKH9	40110	51.5	-0.116667	-2601889	20260920103000	https://www.aol.co.uk/articles/dangerously-loud-tube-noise-making-092516000.html
1323940269	20260920	202609	2026	2026.7123	CVL	SETTLEMENT						CVL													1	112	112	11	3	-2.0	10	1	10	-3.7593984962406	2	Delaware, United States	US	USDE		39.3498	-75.5148	DE	0								2	Delaware, United States	US	USDE		39.3498	-75.5148	DE	20260920103000	https://www.kunr.org/u-s-headlines/2026-09-20/judge-orders-fox-to-hand-over-hundreds-of-documents-in-shareholders-case
1323940270	20260920	202609	2026	2026.7123	CVL	TRAVELER						CVL													0	114	114	11	3	-2.0	4	1	4	-0.83283759666864	3	San Diego, California, United States	US	USCA	CA073	32.7153	-117.157	1661377	0								3	San Diego, California, United States	US	USCA		32.7153	-117.157	1661377	20260920103000	https://www.moneytalksnews.com/she-thought-shed-booked-a-dream-vacation-rental-then-she-arrived/
1323940271	20260920	202609	2026	2026.7123	CVL	TRAVELER						CVL													0	114	114	11	3	-2.0	6	1	6	-0.83283759666864	1	South Africa	SF	SF		-30	26	SF	0								1	South Africa	SF	SF		-30	26	SF	20260920103000	https://www.moneytalksnews.com/she-thought-shed-booked-a-dream-vacation-rental-then-she-arrived/
1323940272	20260920	202609	2026	2026.7123	CVL	COMMUNITY						CVL													1	120	120	12	3	-4.0	10	1	10	1.70940170940171	4	Inis, Clare, Ireland	EI	EI03	18285	52.8436	-8.98639	-1502723	0								4	Inis, Clare, Ireland	EI	EI03	18285	52.8436	-8.98639	-1502723	20260920103000	https://www.rte.ie/archives/2026/0920/1590761-file-mairtin-o-direain/
1323940273	20260920	202609	2026	2026.7123	CVL	RESIDENTS						CVL													1	120	120	12	3	-4.0	2	1	2	-1.64473684210526	4	Wandsworth, Wandsworth, United Kingdom	UK	UKP1	40133	51.45	-0.2	-2610857	0								4	Wandsworth, Wandsworth, United Kingdom	UK	UKP1	40133	51.45	-0.2	-2610857	20260920103000	https://www.aol.co.uk/articles/eyesore-replacement-iconic-london-landmark-094224000.html
1323940274	20260920	202609	2026	2026.7123	CVL	RESIDENTS						CVL			GBR	UNITED KINGDOM	GBR								1	111	111	11	3	-2.0	6	1	6	-1.64473684210526	4	London, London, City of, United Kingdom	UK	UKH9	40110	51.5	-0.116667	-2601889	4	London, London, City of, United Kingdom	UK	UKH9	40110	51.5	-0.116667	-2601889	4	London, London, City of, United Kingdom	UK	UKH9	40110	51.5	-0.116667	-2601889	20260920103000	https://www.aol.co.uk/articles/eyesore-replacement-iconic-london-landmark-094224000.html
1323940275	20260920	202609	2026	2026.7123	CVL	RESIDENTS						CVL			GBR	UNITED KINGDOM	GBR								1	120	120	12	3	-4.0	6	1	6	-1.64473684210526	4	Wandsworth, Wandsworth, United Kingdom	UK	UKP1	40133	51.45	-0.2	-2610857	4	Wandsworth, Wandsworth, United Kingdom	UK	UKP1	40133	51.45	-0.2	-2610857	4	Wandsworth, Wandsworth, United Kingdom	UK	UKP1	40133	51.45	-0.2	-2610857	20260920103000	https://www.aol.co.uk/articles/eyesore-replacement-iconic-london-landmark-094224000.html
1323940276	20260920	202609	2026	2026.7123	CVL	RESIDENTS						CVL			HLH	HOSPITAL						HLH			1	042	042	04	1	1.9	1	1	1	-8.51851851851852	4	Bandra, Maharashtra, India	IN	IN16	70184	19.0667	72.8333	82619	4	Bandra, Maharashtra, India	IN	IN16	70184	19.0667	72.8333	82619	4	Bandra, Maharashtra, India	IN	IN16	70184	19.0667	72.8333	82619	20260920103000	https://www.orissapost.com/three-killed-one-injured-as-speeding-bmw-crashes-on-coastal-road-in-mumbai/
1323940277	20260920	202609	2026	2026.7123	CVL	VOTER						CVL			UKR	DONETSK	UKR								0	014	014	01	1	0.0	2	1	2	-6.13598673300165	4	Moscow, Moskva, Russia	RS	RS48	25106	55.7522	37.6156	-2960561	4	Kyiv, Kyyiv, Misto, Ukraine	UP	UP12	28554	50.4333	30.5167	-1044367	4	Moscow, Moskva, Russia	RS	RS48	25106	55.7522	37.6156	-2960561	20260920103000	https://www.abc.net.au/news/2026-09-20/russia-ukraine-drone-attack-moscow-election/107174326
1323940278	20260920	202609	2026	2026.7123	CVL	VOTER						CVL			UKR	DONETSK	UKR								0	014	014	01	1	0.0	8	1	8	-6.13598673300165	4	Moscow, Moskva, Russia	RS	RS48	25106	55.7522	37.6156	-2960561	4	Moscow, Moskva, Russia	RS	RS48	25106	55.7522	37.6156	-2960561	4	Moscow, Moskva, Russia	RS	RS48	25106	55.7522	37.6156	-2960561	20260920103000	https://www.abc.net.au/news/2026-09-20/russia-ukraine-drone-attack-moscow-election/107174326
1323940279	20260920	202609	2026	2026.7123	CVL	SETTLEMENT						CVL			USAGOV	CALIFORNIA	USA					GOV			1	020	020	02	1	3.0	6	1	6	-5.50098231827112	1	Israel	IS	IS		31.5	34.75	IS	1	Israel	IS	IS		31.5	34.75	IS	1	Israel	IS	IS		31.5	34.75	IS	20260920103000	https://timesofindia.indiatimes.com/entertainment/english/hollywood/news/mark-ruffalo-asks-california-attorney-general-to-reject-heavily-contested-lawsuit-settlement/articleshow/134366169.cms
1323940280	20260920	202609	2026	2026.7123	CVL	SETTLEMENT						CVL			USAGOV	CALIFORNIA	USA					GOV			1	110	110	11	3	-2.0	6	1	6	-5.50098231827112	2	California, United States	US	USCA		36.17	-119.746	CA	2	California, United States	US	USCA		36.17	-119.746	CA	2	California, United States	US	USCA		36.17	-119.746	CA	20260920103000	https://timesofindia.indiatimes.com/entertainment/english/hollywood/news/mark-ruffalo-asks-california-attorney-general-to-reject-heavily-contested-lawsuit-settlement/articleshow/134366169.cms
1323940281	20260920	202609	2026	2026.7123	CVL	SETTLEMENT						CVL			USAGOV	CALIFORNIA	USA					GOV			1	120	120	12	3	-4.0	6	1	6	-5.50098231827112	2	California, United States	US	USCA		36.17	-119.746	CA	2	California, United States	US	USCA		36.17	-119.746	CA	2	California, United States	US	USCA		36.17	-119.746	CA	20260920103000	https://timesofindia.indiatimes.com/entertainment/english/hollywood/news/mark-ruffalo-asks-california-attorney-general-to-reject-heavily-contested-lawsuit-settlement/articleshow/134366169.cms
1323940282	20260920	202609	2026	2026.7123	CZE	CZECH REPUBLIC	CZE								IRL	IRELAND	IRL								1	042	042	04	1	1.9	1	1	1	6.37450199203187	1	Czech Republic	EZ	EZ		49.75	15	EZ	4	Carlow, Carlow, Ireland	EI	EI01	18292	52.8408	-6.92611	-1501356	4	Carlow, Carlow, Ireland	EI	EI01	18292	52.8408	-6.92611	-1501356	20260920103000	https://www.rte.ie/news/regional/2026/0919/1592207-louth-sligo-community/
1323940283	20260920	202609	2026	2026.7123	DEU	GERMAN	DEU																		1	040	040	04	1	1.0	2	1	2	0.14245014245014	1	Tunisia	TS	TS		34	9	TS	0								1	Tunisia	TS	TS		34	9	TS	20260920103000	https://timesofindia.indiatimes.com/world/us/in-1942-a-24-year-old-wwii-pilot-vanished-over-egypt-84-years-later-his-family-finally-buries-him-beside-his-parents-in-north-carolina/articleshow/134364960.cms
1323940284	20260920	202609	2026	2026.7123	DEU	GERMAN	DEU								DEUGOV	GERMANY	DEU					GOV			1	100	100	10	3	-5.0	2	1	2	-4.11522633744856	2	New York, United States	US	USNY		42.1497	-74.9384	NY	2	New York, United States	US	USNY		42.1497	-74.9384	NY	2	New York, United States	US	USNY		42.1497	-74.9384	NY	20260920103000	https://www.independent.co.uk/news/world/europe/germany-elections-chancellor-merz-afd-b3053051.html
1323940285	20260920	202609	2026	2026.7123	DEU	GERMAN	DEU								GOV	CHANCELLOR						GOV			1	100	100	10	3	-5.0	6	1	6	-4.11522633744856	2	New York, United States	US	USNY		42.1497	-74.9384	NY	2	New York, United States	US	USNY		42.1497	-74.9384	NY	2	New York, United States	US	USNY		42.1497	-74.9384	NY	20260920103000	https://www.independent.co.uk/news/world/europe/germany-elections-chancellor-merz-afd-b3053051.html
1323940286	20260920	202609	2026	2026.7123	DEU	GERMANY	DEU								QAT	QATAR	QAT								1	173	173	17	4	-5.0	2	1	2	-5.83090379008747	1	Germany	GM	GM		51.5	10.5	GM	4	Paris, France (general), France	FR	FR00	16282	48.8667	2.33333	-1456928	1	Germany	GM	GM		51.5	10.5	GM	20260920103000	http://thepeninsulaqatar.com/article/20/09/2026/germans-arrested-for-louvre-stunt-in-mona-lisa-hall
1323940287	20260920	202609	2026	2026.7123	DEU	GERMANY	DEU								QAT	QATAR	QAT								1	173	173	17	4	-5.0	2	1	2	-5.83090379008747	1	Germany	GM	GM		51.5	10.5	GM	1	Qatar	QA	QA		25.5	51.25	QA	1	Germany	GM	GM		51.5	10.5	GM	20260920103000	http://thepeninsulaqatar.com/article/20/09/2026/germans-arrested-for-louvre-stunt-in-mona-lisa-hall
1323940288	20260920	202609	2026	2026.7123	EDU	SCHOOL						EDU													0	036	036	03	1	4.0	10	1	10	5.6	5	Suffolk, Suffolk, United Kingdom	UK	UKN5	40132	52.1667	1	-2609091	0								5	Suffolk, Suffolk, United Kingdom	UK	UKN5	40132	52.1667	1	-2609091	20260920103000	https://www.eadt.co.uk/news/26561035.opinion-suffolk-farm-scholarship-award-open-entries/
1323940289	20260920	202609	2026	2026.7123	EDU	PROFESSOR						EDU													0	040	040	04	1	1.0	2	1	2	-0.19569471624266	1	Egypt	EG	EG		27	30	EG	0								1	Egypt	EG	EG		27	30	EG	20260920103000	http://thepeninsulaqatar.com/article/20/09/2026/qatar-foundation-launches-second-bilaraby-gathering
1323940290	20260920	202609	2026	2026.7123	EDU	PROFESSOR						EDU													0	040	040	04	1	1.0	8	1	8	-0.19569471624266	1	Egypt	EG	EG		27	30	EG	0								1	Yemen	YM	YM		15.5	47.5	YM	20260920103000	http://thepeninsulaqatar.com/article/20/09/2026/qatar-foundation-launches-second-bilaraby-gathering
1323940291	20260920	202609	2026	2026.7123	EDU	STUDENT						EDU													1	042	042	04	1	1.9	5	1	5	-4.49526813880127	4	Newport, Newport, United Kingdom	UK	UKY6	40181	51.5833	-2.98333	-2604041	0								4	Newport, Newport, United Kingdom	UK	UKY6	40181	51.5833	-2.98333	-2604041	20260920103000	https://www.dailymail.com/health/article-16141767/cold-flu-medication-paracetamol-dangerous.html
1323940292	20260920	202609	2026	2026.7123	EDU	STUDENT						EDU													1	090	090	09	2	-2.0	5	1	5	7.90273556231003	4	Doha, Ad Daw?ah, Qatar	QA	QA01	25307	25.2867	51.5333	-785169	0								4	Doha, Ad Daw?ah, Qatar	QA	QA01	25307	25.2867	51.5333	-785169	20260920103000	http://thepeninsulaqatar.com/article/20/09/2026/phcc-concludes-back-to-school-campaign
1323940293	20260920	202609	2026	2026.7123	EDU	SCHOOL						EDU			COP	POLICE						COP			1	1712	171	17	4	-9.2	5	1	5	-4.11764705882352	0								0								0								20260920103000	https://bdnews24.com/bangladesh/t7mlig0a3r
1323940294	20260920	202609	2026	2026.7123	EDU	SCHOOL						EDU			EDUEDU	SCHOOL						EDU	EDU		1	1712	171	17	4	-9.2	5	1	5	-4.11764705882352	0								0								0								20260920103000	https://bdnews24.com/bangladesh/t7mlig0a3r
1323940295	20260920	202609	2026	2026.7123	EDU	SCHOOL						EDU			EDUEDU	SCHOOL						EDU	EDU		1	190	190	19	4	-10.0	10	1	10	-4.11764705882352	0								0								0								20260920103000	https://bdnews24.com/bangladesh/t7mlig0a3r
1323940296	20260920	202609	2026	2026.7123	EDU	ACADEMICS						EDU			GBRGOV	DOWNING STREET	GBR					GOV			0	040	040	04	1	1.0	5	1	5	-2.52100840336135	4	House Of Lords, New South Wales, Australia	AS	AS02	5096	-33.2985	148.451	11363810	4	Manningtree, Essex, United Kingdom	UK	UKE4	40132	51.95	1.06667	-2602528	4	Manningtree, Essex, United Kingdom	UK	UKE4	40132	51.95	1.06667	-2602528	20260920103000	https://www.harwichandmanningtreestandard.co.uk/news/national/uk-today/26565352.andy-burnham-urged-introduce-compulsory-voting-rule/
1323940297	20260920	202609	2026	2026.7123	EDU	ACADEMICS						EDU			GBRGOV	DOWNING STREET	GBR					GOV			0	040	040	04	1	1.0	2	1	2	-2.52100840336135	4	House Of Lords, New South Wales, Australia	AS	AS02	5096	-33.2985	148.451	11363810	4	Manningtree, Essex, United Kingdom	UK	UKE4	40132	51.95	1.06667	-2602528	1	United States	US	US		39.828175	-98.5795	US	20260920103000	https://www.harwichandmanningtreestandard.co.uk/news/national/uk-today/26565352.andy-burnham-urged-introduce-compulsory-voting-rule/
1323940298	20260920	202609	2026	2026.7123	EDU	ACADEMICS						EDU			GOV	PRIME MINISTER						GOV			0	025	025	02	1	-0.3	10	1	10	-2.52100840336135	4	House Of Lords, New South Wales, Australia	AS	AS02	5096	-33.2985	148.451	11363810	4	Manningtree, Essex, United Kingdom	UK	UKE4	40132	51.95	1.06667	-2602528	4	Manningtree, Essex, United Kingdom	UK	UKE4	40132	51.95	1.06667	-2602528	20260920103000	https://www.harwichandmanningtreestandard.co.uk/news/national/uk-today/26565352.andy-burnham-urged-introduce-compulsory-voting-rule/
1323940299	20260920	202609	2026	2026.7123	EDU	STUDENT						EDU			IND	BOMBAY	IND								0	1014	101	10	3	-5.0	6	1	6	-9.97304582210243	4	Bombay, Maharashtra, India	IN	IN16	70184	18.975	72.8258	-2092174	4	Bombay, Maharashtra, India	IN	IN16	70184	18.975	72.8258	-2092174	4	Bombay, Maharashtra, India	IN	IN16	70184	18.975	72.8258	-2092174	20260920103000	https://www.indiablooms.com/news/my-son-has-been-killed-iit-bombay-students-parents-allege-severe-harassment/details
1323940300	20260920	202609	2026	2026.7123	EDU	SCHOLAR						EDU			ITA	ROME	ITA								0	043	043	04	1	2.8	5	1	5	-3.62438220757825	4	Roma, Lazio, Italy	IT	IT07	18350	41.9	12.4833	-126693	4	Rome, Lazio, Italy	IT	IT07	18350	41.9	12.4833	-126693	4	Rome, Lazio, Italy	IT	IT07	18350	41.9	12.4833	-126693	20260920103000	https://www.thelocal.it/20260920/on-the-agenda-whats-happening-in-italy-this-week-189
1323940301	20260920	202609	2026	2026.7123	EDU	COLLEGE						EDU			JEW	JEWISH				JEW					1	043	043	04	1	2.8	4	1	4	-0.24906600249066	3	New Orleans, Louisiana, United States	US	USLA	LA071	29.9546	-90.0751	1629985	3	New Orleans, Louisiana, United States	US	USLA		29.9546	-90.0751	1629985	3	New Orleans, Louisiana, United States	US	USLA		29.9546	-90.0751	1629985	20260920103000	https://www.nola.com/opinions/quin_hillyer/hillyer-jew-yom-kippur-antisemitism-louisiana-memoirs/article_d6f90fad-f515-46cc-9452-244a47005868.html
1323940302	20260920	202609	2026	2026.7123	EDU	COLLEGE						EDU			JEW	JEWISH				JEW					1	043	043	04	1	2.8	6	1	6	-0.24906600249066	3	New Orleans, Louisiana, United States	US	USLA	LA071	29.9546	-90.0751	1629985	1	Germany	GM	GM		51.5	10.5	GM	3	New Orleans, Louisiana, United States	US	USLA		29.9546	-90.0751	1629985	20260920103000	https://www.nola.com/opinions/quin_hillyer/hillyer-jew-yom-kippur-antisemitism-louisiana-memoirs/article_d6f90fad-f515-46cc-9452-244a47005868.html
1323940303	20260920	202609	2026	2026.7123	EDU	ECONOMIST						EDU			MNCUSAMED	GOOGLE	USA					MNC	MED		1	090	090	09	2	-2.0	10	1	10	0.13210039630119	4	Turgai, Qostanay, Kazakhstan	KZ	KZ13	37249	49.6339	63.4981	-2345172	4	Turgai, Qostanay, Kazakhstan	KZ	KZ13	37249	49.6339	63.4981	-2345172	4	Turgai, Qostanay, Kazakhstan	KZ	KZ13	37249	49.6339	63.4981	-2345172	20260920103000	https://timesofindia.indiatimes.com/world/rest-of-world/in-2007-a-kazakh-economist-searching-google-earth-for-pyramids-found-giant-crosses-and-rings-dating-points-to-about-800-bc/articleshow/134353687.cms
1323940304	20260920	202609	2026	2026.7123	EDUEDU	COLLEGE						EDU	EDU		COP	POLICE						COP			1	112	112	11	3	-2.0	5	1	5	-6.89655172413793	4	East District, India (general), India	IN	IN00	17861	27.3333	88.6667	-2095400	4	East District, India (general), India	IN	IN00	17861	27.3333	88.6667	-2095400	4	East District, India (general), India	IN	IN00	17861	27.3333	88.6667	-2095400	20260920103000	https://www.prokerala.com/news/articles/a1814487.html
1323940305	20260920	202609	2026	2026.7123	EDUHLH	UNIVERSITY						EDU	HLH		IRLHLH	LIMERICK	IRL					HLH			1	090	090	09	2	-2.0	10	1	10	-6.76691729323308	0								0								0								20260920103000	https://www.rte.ie/news/ireland/2026/0920/1592233-crashes-limerick-meath/
1323940306	20260920	202609	2026	2026.7123	EGY	EGYPT	EGY								SAU	SAUDI ARABIA	SAU								0	112	112	11	3	-2.0	6	3	6	-9.87758547910515	4	Riyadh, Ar Riya?, Saudi Arabia	SA	SA10	25316	24.6408	46.7728	-3093009	4	Riyadh, Ar Riya?, Saudi Arabia	SA	SA10	25316	24.6408	46.7728	-3093009	1	Kuwait	KU	KU		29.5	47.75	KU	20260920103000	https://www.newsday.com/news/nation/mideast-news-roundup-september-20-2026-b83840
1323940307	20260920	202609	2026	2026.7123	EGY	EGYPT	EGY								SAU	RIYADH	SAU								0	112	112	11	3	-2.0	2	1	2	-8.98058252427184	4	Riyadh, Ar Riya?, Saudi Arabia	SA	SA10	25316	24.6408	46.7728	-3093009	1	Egypt	EG	EG		27	30	EG	4	Riyadh, Ar Riya?, Saudi Arabia	SA	SA10	25316	24.6408	46.7728	-3093009	20260920103000	https://www.newsday.com/news/nation/mideast-news-roundup-september-20-2026-b83840
1323940308	20260920	202609	2026	2026.7123	EGY	EGYPT	EGY								SAU	RIYADH	SAU								0	112	112	11	3	-2.0	4	2	4	-10.3260869565218	4	Riyadh, Ar Riya?, Saudi Arabia	SA	SA10	25316	24.6408	46.7728	-3093009	1	Kuwait	KU	KU		29.5	47.75	KU	1	Jordan	JO	JO		31	36	JO	20260920103000	https://www.wboc.com/news/international/israeli-man-critically-wounded-in-west-bank-shooting-and-other-mideast-developments/article_7758e109-8da0-5c1e-b1ec-1f1bcdb9bb9d.html
1323940309	20260920	202609	2026	2026.7123	EGY	EGYPT	EGY								YEM	YEMEN	YEM								0	010	010	01	1	0.0	2	1	2	-0.19569471624266	1	Egypt	EG	EG		27	30	EG	1	Egypt	EG	EG		27	30	EG	1	Egypt	EG	EG		27	30	EG	20260920103000	http://thepeninsulaqatar.com/article/20/09/2026/qatar-foundation-launches-second-bilaraby-gathering
1323940310	20260920	202609	2026	2026.7123	EGY	EGYPT	EGY								YEM	YEMEN	YEM								0	010	010	01	1	0.0	2	1	2	-0.19569471624266	1	Egypt	EG	EG		27	30	EG	1	Egypt	EG	EG		27	30	EG	1	Yemen	YM	YM		15.5	47.5	YM	20260920103000	http://thepeninsulaqatar.com/article/20/09/2026/qatar-foundation-launches-second-bilaraby-gathering
1323940311	20260920	202609	2026	2026.7123	EGY	EGYPT	EGY								YEM	YEMEN	YEM								0	010	010	01	1	0.0	6	1	6	-0.19569471624266	1	Egypt	EG	EG		27	30	EG	1	Yemen	YM	YM		15.5	47.5	YM	1	Yemen	YM	YM		15.5	47.5	YM	20260920103000	http://thepeninsulaqatar.com/article/20/09/2026/qatar-foundation-launches-second-bilaraby-gathering
1323940312	20260920	202609	2026	2026.7123	ESP	SPAIN	ESP																		0	015	015	01	1	0.0	4	1	4	-0.86505190311419	4	Woking, Surrey, United Kingdom	UK	UKN7	40133	51.3167	-0.533333	-2611963	0								4	Woking, Surrey, United Kingdom	UK	UKN7	40133	51.3167	-0.533333	-2611963	20260920103000	https://www.planetf1.com/news/f1-virtual-safety-car-lando-norris-spanish-gp
1323940313	20260920	202609	2026	2026.7123	ESP	SPAIN	ESP																		1	138	138	13	3	-7.0	1	1	1	2.98295454545455	4	Bristol, Bristol, City of, United Kingdom	UK	UKB7	40094	51.45	-2.58333	-2590919	0								1	Spain	SP	SP		40	-4	SP	20260920103000	https://www.dailymail.com/travel/article-16141597/Lenon-Almeria-years-Beatlemania.html
1323940314	20260920	202609	2026	2026.7123	ESP	SPAIN	ESP																		1	138	138	13	3	-7.0	1	1	1	2.98295454545455	1	Spain	SP	SP		40	-4	SP	0								1	Spain	SP	SP		40	-4	SP	20260920103000	https://www.dailymail.com/travel/article-16141597/Lenon-Almeria-years-Beatlemania.html
1323940315	20260920	202609	2026	2026.7123	EUR	EUROPE	EUR								IRL	IRELAND	IRL								1	042	042	04	1	1.9	2	1	2	6.37450199203187	4	Carlow, Carlow, Ireland	EI	EI01	18292	52.8408	-6.92611	-1501356	4	Carlow, Carlow, Ireland	EI	EI01	18292	52.8408	-6.92611	-1501356	4	Carlow, Carlow, Ireland	EI	EI01	18292	52.8408	-6.92611	-1501356	20260920103000	https://www.rte.ie/news/regional/2026/0919/1592207-louth-sligo-community/
1323940316	20260920	202609	2026	2026.7123	EUR	EUROPE	EUR								IRL	IRELAND	IRL								1	042	042	04	1	1.9	1	1	1	6.37450199203187	1	Czech Republic	EZ	EZ		49.75	15	EZ	4	Carlow, Carlow, Ireland	EI	EI01	18292	52.8408	-6.92611	-1501356	4	Carlow, Carlow, Ireland	EI	EI01	18292	52.8408	-6.92611	-1501356	20260920103000	https://www.rte.ie/news/regional/2026/0919/1592207-louth-sligo-community/
1323940317	20260920	202609	2026	2026.7123	FRA	FRANCE	FRA																		1	043	043	04	1	2.8	1	1	1	-5.83090379008747	1	Qatar	QA	QA		25.5	51.25	QA	0								4	Paris, France (general), France	FR	FR00	16282	48.8667	2.33333	-1456928	20260920103000	http://thepeninsulaqatar.com/article/20/09/2026/germans-arrested-for-louvre-stunt-in-mona-lisa-hall
1323940318	20260920	202609	2026	2026.7123	FRA	FRANCE	FRA								COP	POLICE						COP			1	043	043	04	1	2.8	1	1	1	-5.83090379008747	1	Qatar	QA	QA		25.5	51.25	QA	4	Paris, France (general), France	FR	FR00	16282	48.8667	2.33333	-1456928	4	Paris, France (general), France	FR	FR00	16282	48.8667	2.33333	-1456928	20260920103000	http://thepeninsulaqatar.com/article/20/09/2026/germans-arrested-for-louvre-stunt-in-mona-lisa-hall
1323940319	20260920	202609	2026	2026.7123	FRA	PARIS	FRA								DEU	GERMAN	DEU								1	173	173	17	4	-5.0	6	1	6	-5.83090379008747	4	Paris, France (general), France	FR	FR00	16282	48.8667	2.33333	-1456928	1	Germany	GM	GM		51.5	10.5	GM	1	Germany	GM	GM		51.5	10.5	GM	20260920103000	http://thepeninsulaqatar.com/article/20/09/2026/germans-arrested-for-louvre-stunt-in-mona-lisa-hall
1323940320	20260920	202609	2026	2026.7123	FRA	PARIS	FRA								QAT	QATAR	QAT								1	043	043	04	1	2.8	2	1	2	-5.83090379008747	4	Paris, France (general), France	FR	FR00	16282	48.8667	2.33333	-1456928	4	Paris, France (general), France	FR	FR00	16282	48.8667	2.33333	-1456928	1	Qatar	QA	QA		25.5	51.25	QA	20260920103000	http://thepeninsulaqatar.com/article/20/09/2026/germans-arrested-for-louvre-stunt-in-mona-lisa-hall
1323940321	20260920	202609	2026	2026.7123	FRA	PARIS	FRA								QAT	QATAR	QAT								1	043	043	04	1	2.8	2	1	2	-5.83090379008747	1	Qatar	QA	QA		25.5	51.25	QA	1	Qatar	QA	QA		25.5	51.25	QA	1	Qatar	QA	QA		25.5	51.25	QA	20260920103000	http://thepeninsulaqatar.com/article/20/09/2026/germans-arrested-for-louvre-stunt-in-mona-lisa-hall
1323940322	20260920	202609	2026	2026.7123	GBR	UNITED KINGDOM	GBR																		0	010	010	01	1	0.0	4	1	4	-2.52100840336135	4	Manningtree, Essex, United Kingdom	UK	UKE4	40132	51.95	1.06667	-2602528	0								4	Manningtree, Essex, United Kingdom	UK	UKE4	40132	51.95	1.06667	-2602528	20260920103000	https://www.harwichandmanningtreestandard.co.uk/news/national/uk-today/26565352.andy-burnham-urged-introduce-compulsory-voting-rule/
1323940323	20260920	202609	2026	2026.7123	GBR	UNITED KINGDOM	GBR																		1	010	010	01	1	0.0	8	1	8	-0.61633281972265	4	St Helens, St. Helens, United Kingdom	UK	UKN1	40121	53.45	-2.73333	-2606861	0								4	St Helens, St. Helens, United Kingdom	UK	UKN1	40121	53.45	-2.73333	-2606861	20260920103000	https://www.sthelensstar.co.uk/news/26555992.liverpool-art-exhibition-explores-suicide-grief-loss/
1323940324	20260920	202609	2026	2026.7123	GBR	UNITED KINGDOM	GBR																		1	010	010	01	1	0.0	6	1	6	-1.64473684210526	4	Wandsworth, Wandsworth, United Kingdom	UK	UKP1	40133	51.45	-0.2	-2610857	0								4	Wandsworth, Wandsworth, United Kingdom	UK	UKP1	40133	51.45	-0.2	-2610857	20260920103000	https://www.aol.co.uk/articles/eyesore-replacement-iconic-london-landmark-094224000.html
1323940325	20260920	202609	2026	2026.7123	GBR	BRITAIN	GBR																		0	0311	031	03	1	5.2	3	1	3	-2.52100840336135	4	Manningtree, Essex, United Kingdom	UK	UKE4	40132	51.95	1.06667	-2602528	0								4	Manningtree, Essex, United Kingdom	UK	UKE4	40132	51.95	1.06667	-2602528	20260920103000	https://www.harwichandmanningtreestandard.co.uk/news/national/uk-today/26565352.andy-burnham-urged-introduce-compulsory-voting-rule/
1323940326	20260920	202609	2026	2026.7123	GBR	LONDON	GBR																		1	040	040	04	1	1.0	10	1	10	1.36157337367625	1	China	CH	CH		35	105	CH	0								1	China	CH	CH		35	105	CH	20260920103000	https://www.newyorker.com/culture/the-new-yorker-interview/sharon-horgan-autofiction-auteur
1323940327	20260920	202609	2026	2026.7123	GBR	UNITED KINGDOM	GBR																		0	042	042	04	1	1.9	4	1	4	-3.06946688206785	4	Chatsworth House, Derbyshire, United Kingdom	UK	UKD3	40103	53.2167	-1.6	-2592305	0								4	Chatsworth House, Derbyshire, United Kingdom	UK	UKD3	40103	53.2167	-1.6	-2592305	20260920103000	https://timesofindia.indiatimes.com/world/uk/who-is-earl-spencer-princess-dianas-brother-accuses-king-charles-of-gaslighting-him/articleshow/134366163.cms
1323940328	20260920	202609	2026	2026.7123	GBR	UNITED KINGDOM	GBR																		1	120	120	12	3	-4.0	8	1	8	-1.64473684210526	4	Wandsworth, Wandsworth, United Kingdom	UK	UKP1	40133	51.45	-0.2	-2610857	0								4	Wandsworth, Wandsworth, United Kingdom	UK	UKP1	40133	51.45	-0.2	-2610857	20260920103000	https://www.aol.co.uk/articles/eyesore-replacement-iconic-london-landmark-094224000.html
1323940329	20260920	202609	2026	2026.7123	GBR	UNITED KINGDOM	GBR								GOV	PRINCE						GOV			1	042	042	04	1	1.9	1	1	1	-2	4	Sussex, East Sussex, United Kingdom	UK	UKE2	40137	50.9167	-0.083333	-2609142	4	Sussex, East Sussex, United Kingdom	UK	UKE2	40137	50.9167	-0.083333	-2609142	4	Sussex, East Sussex, United Kingdom	UK	UKE2	40137	50.9167	-0.083333	-2609142	20260920103000	https://www.cinaradio.com/2026/09/20/why-prince-harry-and-meghan-face-more-challenges-after-their-return-to-the-u-k/
1323940330	20260920	202609	2026	2026.7123	GBR	UNITED KINGDOM	GBR								GOV	PRINCE						GOV			1	100	100	10	3	-5.0	1	1	1	-2	4	Sussex, East Sussex, United Kingdom	UK	UKE2	40137	50.9167	-0.083333	-2609142	4	Sussex, East Sussex, United Kingdom	UK	UKE2	40137	50.9167	-0.083333	-2609142	4	Sussex, East Sussex, United Kingdom	UK	UKE2	40137	50.9167	-0.083333	-2609142	20260920103000	https://www.cinaradio.com/2026/09/20/why-prince-harry-and-meghan-face-more-challenges-after-their-return-to-the-u-k/
1323940331	20260920	202609	2026	2026.7123	GBR	WALES	GBR								GOVEDU	KING						GOV	EDU		0	0231	023	02	1	3.4	10	1	10	-4.49526813880127	4	Newport, Newport, United Kingdom	UK	UKY6	40181	51.5833	-2.98333	-2604041	4	Newport, Newport, United Kingdom	UK	UKY6	40181	51.5833	-2.98333	-2604041	4	Newport, Newport, United Kingdom	UK	UKY6	40181	51.5833	-2.98333	-2604041	20260920103000	https://www.dailymail.com/health/article-16141767/cold-flu-medication-paracetamol-dangerous.html
1323940332	20260920	202609	2026	2026.7123	GBRGOV	UNITED KINGDOM	GBR					GOV			MED	NEWSPAPER						MED			1	100	100	10	3	-5.0	2	1	2	-2.35294117647059	4	Manchester, Manchester, United Kingdom	UK	UKI2	40118	53.5	-2.21667	-2602512	4	Manchester, Manchester, United Kingdom	UK	UKI2	40118	53.5	-2.21667	-2602512	4	Manchester, Manchester, United Kingdom	UK	UKI2	40118	53.5	-2.21667	-2602512	20260920103000	https://www.the-star.co.ke/news/world/2026-09-20-parents-could-lose-benefits-or-face-prison-for-childs-crimes-minister-says
1323940333	20260920	202609	2026	2026.7123	GBRIMY	MANX	GBR								IRL	DUBLIN	IRL								1	042	042	04	1	1.9	10	1	10	1.53846153846154	4	Dublin, Dublin, Ireland	EI	EI07	18288	53.3331	-6.24889	-1502554	4	Dublin, Dublin, Ireland	EI	EI07	18288	53.3331	-6.24889	-1502554	4	Dublin, Dublin, Ireland	EI	EI07	18288	53.3331	-6.24889	-1502554	20260920103000	https://www.iomtoday.co.im/news/entertainment/manx-gaelic-choir-return-from-dublin-after-successful-trip-955812
1323940334	20260920	202609	2026	2026.7123	GOV	PRESIDENT						GOV													0	015	015	01	1	0.0	6	1	6	-6.2780269058296	4	Calabar, Cross River, Nigeria	NI	NI22	191378	4.9517	8.322	-2003575	0								4	Calabar, Cross River, Nigeria	NI	NI22	191378	4.9517	8.322	-2003575	20260920103000	https://www.vanguardngr.com/2026/09/jehovahs-witnesses-blood-transfusion-policy-still-confusing-and-deadly-humanist-group-says/
1323940335	20260920	202609	2026	2026.7123	GOV	AMBASSADOR						GOV													1	036	036	03	1	4.0	2	1	2	-2.71546635182999	4	Nairobi, Nairobi Area, Kenya	KE	KE05	18585	-1.28333	36.8167	-2258072	0								4	Nairobi, Nairobi Area, Kenya	KE	KE05	18585	-1.28333	36.8167	-2258072	20260920103000	https://www.the-star.co.ke/news/2026-09-20-us-to-closely-watch-2027-polls-for-stability-us-envoy-nominee-wooster-says
1323940336	20260920	202609	2026	2026.7123	GOV	AMBASSADOR						GOV													1	036	036	03	1	4.0	1	1	1	-2.71546635182999	3	Washington, District of Columbia, United States	US	USDC	DC001	38.8951	-77.0364	531871	0								3	Washington, District of Columbia, United States	US	USDC	DC001	38.8951	-77.0364	531871	20260920103000	https://www.the-star.co.ke/news/2026-09-20-us-to-closely-watch-2027-polls-for-stability-us-envoy-nominee-wooster-says
1323940337	20260920	202609	2026	2026.7123	GOV	AMBASSADOR						GOV													1	036	036	03	1	4.0	2	1	2	-2.71546635182999	3	Washington, District of Columbia, United States	US	USDC	DC001	38.8951	-77.0364	531871	0								1	Russia	RS	RS		60	100	RS	20260920103000	https://www.the-star.co.ke/news/2026-09-20-us-to-closely-watch-2027-polls-for-stability-us-envoy-nominee-wooster-says
1323940338	20260920	202609	2026	2026.7123	GOV	MAYOR						GOV													1	040	040	04	1	1.0	6	1	6	-3.24825986078886	3	New Orleans, Louisiana, United States	US	USLA	LA071	29.9546	-90.0751	1629985	0								3	New Orleans, Louisiana, United States	US	USLA		29.9546	-90.0751	1629985	20260920103000	https://www.nola.com/news/kenner-seeks-state-input-on-airport-board/article_de6dfb73-eb76-492f-a2bb-df318ea05d2a.html
1323940339	20260920	202609	2026	2026.7123	GOV	MINIST OF STATE						GOV													1	042	042	04	1	1.9	3	1	3	6.37450199203187	4	Carlow, Carlow, Ireland	EI	EI01	18292	52.8408	-6.92611	-1501356	0								4	Carlow, Carlow, Ireland	EI	EI01	18292	52.8408	-6.92611	-1501356	20260920103000	https://www.rte.ie/news/regional/2026/0919/1592207-louth-sligo-community/
1323940340	20260920	202609	2026	2026.7123	GOV	MINIST OF STATE						GOV													1	042	042	04	1	1.9	2	1	2	6.37450199203187	1	Czech Republic	EZ	EZ		49.75	15	EZ	0								1	Czech Republic	EZ	EZ		49.75	15	EZ	20260920103000	https://www.rte.ie/news/regional/2026/0919/1592207-louth-sligo-community/
1323940341	20260920	202609	2026	2026.7123	GOV	GOVERNMENT						GOV													1	0833	083	08	2	5.0	8	1	8	-4.11522633744856	4	Berlin, Berlin, Germany	GM	GM16	16538	52.5167	13.4	-1746443	0								4	Berlin, Berlin, Germany	GM	GM16	16538	52.5167	13.4	-1746443	20260920103000	https://www.independent.co.uk/news/world/europe/germany-elections-chancellor-merz-afd-b3053051.html
1323940342	20260920	202609	2026	2026.7123	GOV	GOVERNMENT						GOV													1	0833	083	08	2	5.0	2	1	2	-4.11522633744856	2	New York, United States	US	USNY		42.1497	-74.9384	NY	0								2	New York, United States	US	USNY		42.1497	-74.9384	NY	20260920103000	https://www.independent.co.uk/news/world/europe/germany-elections-chancellor-merz-afd-b3053051.html
1323940343	20260920	202609	2026	2026.7123	GOV	HOME MINIST						GOV													0	090	090	09	2	-2.0	10	1	10	-4.59770114942529	4	Dhaka, Dhaka, Bangladesh	BG	BG81	5778	23.7231	90.4086	-2737683	0								4	Dhaka, Dhaka, Bangladesh	BG	BG81	5778	23.7231	90.4086	-2737683	20260920103000	https://bdnews24.com/bangladesh/tqjr6b70uj
1323940344	20260920	202609	2026	2026.7123	GOV	FOREIGN OFFICE						GOV													1	110	110	11	3	-2.0	10	1	10	-1.45772594752186	4	Islamabad, Islamabad, Pakistan	PK	PK08	23674	33.7	73.1667	-2762812	0								4	Islamabad, Islamabad, Pakistan	PK	PK08	23674	33.7	73.1667	-2762812	20260920103000	https://tribune.com.pk/story/2630348/navy-chief-visits-units-at-sea-creeks-area-to-review-seaspark-2026
1323940345	20260920	202609	2026	2026.7123	GOV	MAYOR						GOV													1	129	129	12	3	-5.0	6	1	6	-3.24825986078886	3	New Orleans, Louisiana, United States	US	USLA	LA071	29.9546	-90.0751	1629985	0								3	New Orleans, Louisiana, United States	US	USLA		29.9546	-90.0751	1629985	20260920103000	https://www.nola.com/news/kenner-seeks-state-input-on-airport-board/article_de6dfb73-eb76-492f-a2bb-df318ea05d2a.html
1323940346	20260920	202609	2026	2026.7123	GOV	MINIST						GOV													0	173	173	17	4	-5.0	10	1	10	-7.10659898477158	4	Jatrabari, Bangladesh (general), Bangladesh	BG	BG00	5790	24.9833	90.9167	-2722689	0								4	Jatrabari, Bangladesh (general), Bangladesh	BG	BG00	5790	24.9833	90.9167	-2722689	20260920103000	https://bdnews24.com/bangladesh/xuiumxaqww
1323940347	20260920	202609	2026	2026.7123	GOV	GOVERNMENT						GOV			BGD	BANGLADESH	BGD								1	036	036	03	1	4.0	10	1	10	-7.10659898477158	4	Dhaka, Dhaka, Bangladesh	BG	BG81	5778	23.7231	90.4086	-2737683	4	Dhaka, Dhaka, Bangladesh	BG	BG81	5778	23.7231	90.4086	-2737683	4	Dhaka, Dhaka, Bangladesh	BG	BG81	5778	23.7231	90.4086	-2737683	20260920103000	https://bdnews24.com/bangladesh/xuiumxaqww
1323940348	20260920	202609	2026	2026.7123	GOV	GOVERNMENT						GOV			BGD	BANGLADESH	BGD								1	042	042	04	1	1.9	10	1	10	-7.10659898477158	4	Dhaka, Dhaka, Bangladesh	BG	BG81	5778	23.7231	90.4086	-2737683	4	Dhaka, Dhaka, Bangladesh	BG	BG81	5778	23.7231	90.4086	-2737683	4	Dhaka, Dhaka, Bangladesh	BG	BG81	5778	23.7231	90.4086	-2737683	20260920103000	https://bdnews24.com/bangladesh/xuiumxaqww
1323940349	20260920	202609	2026	2026.7123	GOV	PRESIDENT						GOV			BUS	INDUSTRY						BUS			1	042	042	04	1	1.9	10	1	10	-0.53835800807537	3	White House, District of Columbia, United States	US	USDC		38.8951	-77.0364	531871	3	White House, District of Columbia, United States	US	USDC		38.8951	-77.0364	531871	3	White House, District of Columbia, United States	US	USDC		38.8951	-77.0364	531871	20260920103000	https://www.theguardian.com/us-news/2026/sep/20/trump-ai-policy-financial-interest
1323940350	20260920	202609	2026	2026.7123	GOV	MINIST						GOV			EDU	EDUCATIONAL INSTITUTION						EDU			0	090	090	09	2	-2.0	5	1	5	4.56081081081082	4	Islamabad, Islamabad, Pakistan	PK	PK08	23674	33.7	73.1667	-2762812	4	Islamabad, Islamabad, Pakistan	PK	PK08	23674	33.7	73.1667	-2762812	4	Islamabad, Islamabad, Pakistan	PK	PK08	23674	33.7	73.1667	-2762812	20260920103000	https://tribune.com.pk/story/2630247/govt-aims-to-strengthen-it-education
1323940351	20260920	202609	2026	2026.7123	GOV	PRINCE						GOV			GBR	UNITED KINGDOM	GBR								1	043	043	04	1	2.8	1	1	1	-2	4	Sussex, East Sussex, United Kingdom	UK	UKE2	40137	50.9167	-0.083333	-2609142	4	Sussex, East Sussex, United Kingdom	UK	UKE2	40137	50.9167	-0.083333	-2609142	4	Sussex, East Sussex, United Kingdom	UK	UKE2	40137	50.9167	-0.083333	-2609142	20260920103000	https://www.cinaradio.com/2026/09/20/why-prince-harry-and-meghan-face-more-challenges-after-their-return-to-the-u-k/
1323940352	20260920	202609	2026	2026.7123	GOV	FOREIGN OFFICE						GOV			IND	KOLKATA	IND								0	111	111	11	3	-2.0	4	1	4	-1.45772594752186	4	Kolkata, West Bengal, India	IN	IN28	70294	22.5697	88.3697	-2092511	4	Kolkata, West Bengal, India	IN	IN28	70294	22.5697	88.3697	-2092511	4	Kolkata, West Bengal, India	IN	IN28	70294	22.5697	88.3697	-2092511	20260920103000	https://tribune.com.pk/story/2630348/navy-chief-visits-units-at-sea-creeks-area-to-review-seaspark-2026
1323940353	20260920	202609	2026	2026.7123	GOV	FOREIGN OFFICE						GOV			IND	KOLKATA	IND								0	111	111	11	3	-2.0	2	1	2	-1.45772594752186	4	Islamabad, Islamabad, Pakistan	PK	PK08	23674	33.7	73.1667	-2762812	4	Islamabad, Islamabad, Pakistan	PK	PK08	23674	33.7	73.1667	-2762812	4	Islamabad, Islamabad, Pakistan	PK	PK08	23674	33.7	73.1667	-2762812	20260920103000	https://tribune.com.pk/story/2630348/navy-chief-visits-units-at-sea-creeks-area-to-review-seaspark-2026
1323940354	20260920	202609	2026	2026.7123	GOV	FOREIGN RELATIONS COMMITTEE						GOV			KEN	KENYA	KEN								0	010	010	01	1	0.0	7	1	7	-2.71546635182999	4	Nairobi, Nairobi Area, Kenya	KE	KE05	18585	-1.28333	36.8167	-2258072	4	Nairobi, Nairobi Area, Kenya	KE	KE05	18585	-1.28333	36.8167	-2258072	4	Nairobi, Nairobi Area, Kenya	KE	KE05	18585	-1.28333	36.8167	-2258072	20260920103000	https://www.the-star.co.ke/news/2026-09-20-us-to-closely-watch-2027-polls-for-stability-us-envoy-nominee-wooster-says
1323940355	20260920	202609	2026	2026.7123	GOV	FOREIGN RELATIONS COMMITTEE						GOV			KEN	KENYA	KEN								0	010	010	01	1	0.0	1	1	1	-2.71546635182999	3	Washington, District of Columbia, United States	US	USDC	DC001	38.8951	-77.0364	531871	1	Russia	RS	RS		60	100	RS	3	Washington, District of Columbia, United States	US	USDC	DC001	38.8951	-77.0364	531871	20260920103000	https://www.the-star.co.ke/news/2026-09-20-us-to-closely-watch-2027-polls-for-stability-us-envoy-nominee-wooster-says
1323940356	20260920	202609	2026	2026.7123	GOV	FOREIGN RELATIONS COMMITTEE						GOV			KEN	KENYA	KEN								0	010	010	01	1	0.0	2	1	2	-2.71546635182999	3	Washington, District of Columbia, United States	US	USDC	DC001	38.8951	-77.0364	531871	1	Russia	RS	RS		60	100	RS	1	Russia	RS	RS		60	100	RS	20260920103000	https://www.the-star.co.ke/news/2026-09-20-us-to-closely-watch-2027-polls-for-stability-us-envoy-nominee-wooster-says
1323940357	20260920	202609	2026	2026.7123	GOV	FOREIGN RELATIONS COMMITTEE						GOV			KEN	NAIROBI	KEN								0	051	051	05	1	3.4	4	1	4	-2.71546635182999	4	Nairobi, Nairobi Area, Kenya	KE	KE05	18585	-1.28333	36.8167	-2258072	4	Nairobi, Nairobi Area, Kenya	KE	KE05	18585	-1.28333	36.8167	-2258072	4	Nairobi, Nairobi Area, Kenya	KE	KE05	18585	-1.28333	36.8167	-2258072	20260920103000	https://www.the-star.co.ke/news/2026-09-20-us-to-closely-watch-2027-polls-for-stability-us-envoy-nominee-wooster-says
1323940358	20260920	202609	2026	2026.7123	GOV	FOREIGN RELATIONS COMMITTEE						GOV			KEN	NAIROBI	KEN								0	051	051	05	1	3.4	1	1	1	-2.71546635182999	4	Nairobi, Nairobi Area, Kenya	KE	KE05	18585	-1.28333	36.8167	-2258072	4	Nairobi, Nairobi Area, Kenya	KE	KE05	18585	-1.28333	36.8167	-2258072	3	Washington, District of Columbia, United States	US	USDC	DC001	38.8951	-77.0364	531871	20260920103000	https://www.the-star.co.ke/news/2026-09-20-us-to-closely-watch-2027-polls-for-stability-us-envoy-nominee-wooster-says
1323940359	20260920	202609	2026	2026.7123	GOV	FOREIGN RELATIONS COMMITTEE						GOV			KEN	KENYA	KEN								1	130	130	13	3	-4.4	1	1	1	-2.71546635182999	3	Washington, District of Columbia, United States	US	USDC	DC001	38.8951	-77.0364	531871	3	Washington, District of Columbia, United States	US	USDC	DC001	38.8951	-77.0364	531871	3	Washington, District of Columbia, United States	US	USDC	DC001	38.8951	-77.0364	531871	20260920103000	https://www.the-star.co.ke/news/2026-09-20-us-to-closely-watch-2027-polls-for-stability-us-envoy-nominee-wooster-says
1323940360	20260920	202609	2026	2026.7123	GOV	FOREIGN RELATIONS COMMITTEE						GOV			KEN	KENYA	KEN								1	130	130	13	3	-4.4	1	1	1	-2.71546635182999	1	Russia	RS	RS		60	100	RS	1	China	CH	CH		35	105	CH	1	China	CH	CH		35	105	CH	20260920103000	https://www.the-star.co.ke/news/2026-09-20-us-to-closely-watch-2027-polls-for-stability-us-envoy-nominee-wooster-says
1323940361	20260920	202609	2026	2026.7123	GOV	KING						GOV			KNAGOV	QUEEN ELIZABETH II	KNA					GOV			1	010	010	01	1	0.0	10	1	10	-3.06946688206785	4	Chatsworth House, Derbyshire, United Kingdom	UK	UKD3	40103	53.2167	-1.6	-2592305	4	Chatsworth House, Derbyshire, United Kingdom	UK	UKD3	40103	53.2167	-1.6	-2592305	4	Chatsworth House, Derbyshire, United Kingdom	UK	UKD3	40103	53.2167	-1.6	-2592305	20260920103000	https://timesofindia.indiatimes.com/world/uk/who-is-earl-spencer-princess-dianas-brother-accuses-king-charles-of-gaslighting-him/articleshow/134366163.cms
1323940362	20260920	202609	2026	2026.7123	GOV	GOVERNMENT						GOV			LEG	PARLIAMENT						LEG			1	020	020	02	1	3.0	10	1	10	0.44843049327355	1	Switzerland	SZ	SZ		47	8	SZ	1	Switzerland	SZ	SZ		47	8	SZ	1	Switzerland	SZ	SZ		47	8	SZ	20260920103000	https://www.swissinfo.ch/eng/energy-transition/swiss-referendum-against-new-nuclear-power-plants/92088172
1323940363	20260920	202609	2026	2026.7123	GOV	MINISTRY						GOV			MED	LOCAL MEDIA						MED			1	010	010	01	1	0.0	5	1	5	-6.282722513089	4	Paris, France (general), France	FR	FR00	16282	48.8667	2.33333	-1456928	4	Paris, France (general), France	FR	FR00	16282	48.8667	2.33333	-1456928	4	Paris, France (general), France	FR	FR00	16282	48.8667	2.33333	-1456928	20260920103000	http://thepeninsulaqatar.com/article/20/09/2026/frances-public-debt-to-reach-1193-pct-of-gdp-in-2026
1323940364	20260920	202609	2026	2026.7123	GOV	JUSTICE MINISTER						GOV			MED	NEWSPAPER						MED			1	100	100	10	3	-5.0	8	1	8	-2.35294117647059	4	Manchester, Manchester, United Kingdom	UK	UKI2	40118	53.5	-2.21667	-2602512	4	Manchester, Manchester, United Kingdom	UK	UKI2	40118	53.5	-2.21667	-2602512	4	Manchester, Manchester, United Kingdom	UK	UKI2	40118	53.5	-2.21667	-2602512	20260920103000	https://www.the-star.co.ke/news/world/2026-09-20-parents-could-lose-benefits-or-face-prison-for-childs-crimes-minister-says
1323940365	20260920	202609	2026	2026.7123	GOV	REGIME						GOV			MIL	MILITARY						MIL			0	120	120	12	3	-4.0	5	1	5	-5.28360528360528	4	Beijing, Beijing, China	CH	CH22	13001	39.9289	116.388	-1898541	4	Beijing, Beijing, China	CH	CH22	13001	39.9289	116.388	-1898541	4	Beijing, Beijing, China	CH	CH22	13001	39.9289	116.388	-1898541	20260920103000	https://www.theepochtimes.com/china/us-urged-to-prepare-for-sudden-collapse-of-communist-regime-in-china-6091013
1323940366	20260920	202609	2026	2026.7123	GOV	FOREIGN OFFICE						GOV			PAK	ISLAMABAD	PAK								1	040	040	04	1	1.0	4	1	4	-1.45772594752186	4	Islamabad, Islamabad, Pakistan	PK	PK08	23674	33.7	73.1667	-2762812	4	Kolkata, West Bengal, India	IN	IN28	70294	22.5697	88.3697	-2092511	4	Islamabad, Islamabad, Pakistan	PK	PK08	23674	33.7	73.1667	-2762812	20260920103000	https://tribune.com.pk/story/2630348/navy-chief-visits-units-at-sea-creeks-area-to-review-seaspark-2026
1323940367	20260920	202609	2026	2026.7123	GOV	FOREIGN OFFICE						GOV			PAK	ISLAMABAD	PAK								1	040	040	04	1	1.0	6	1	6	-1.45772594752186	4	Islamabad, Islamabad, Pakistan	PK	PK08	23674	33.7	73.1667	-2762812	4	Islamabad, Islamabad, Pakistan	PK	PK08	23674	33.7	73.1667	-2762812	4	Islamabad, Islamabad, Pakistan	PK	PK08	23674	33.7	73.1667	-2762812	20260920103000	https://tribune.com.pk/story/2630348/navy-chief-visits-units-at-sea-creeks-area-to-review-seaspark-2026
1323940368	20260920	202609	2026	2026.7123	GOV	HOME MINIST						GOV			RAD	EXTREMIST						RAD			1	040	040	04	1	1.0	5	1	5	-4.59770114942529	4	Tejgaon, Bangladesh (general), Bangladesh	BG	BG00	5778	23.7667	90.4	-2737997	4	Tejgaon, Bangladesh (general), Bangladesh	BG	BG00	5778	23.7667	90.4	-2737997	4	Tejgaon, Bangladesh (general), Bangladesh	BG	BG00	5778	23.7667	90.4	-2737997	20260920103000	https://bdnews24.com/bangladesh/tqjr6b70uj
1323940369	20260920	202609	2026	2026.7123	GOV	CENTRAL ELECTION COMMISSION						GOV			RUS	RUSSIA	RUS								0	051	051	05	1	3.4	8	1	8	-6.13598673300165	4	Kherson, Khersons'ka Oblast', Ukraine	UP	UP08	28557	46.6558	32.6178	-1041356	4	Moscow, Moskva, Russia	RS	RS48	25106	55.7522	37.6156	-2960561	4	Moscow, Moskva, Russia	RS	RS48	25106	55.7522	37.6156	-2960561	20260920103000	https://www.abc.net.au/news/2026-09-20/russia-ukraine-drone-attack-moscow-election/107174326
1323940370	20260920	202609	2026	2026.7123	GOV	CENTRAL ELECTION COMMISSION						GOV			RUS	RUSSIA	RUS								0	051	051	05	1	3.4	2	1	2	-6.13598673300165	4	Moscow, Moskva, Russia	RS	RS48	25106	55.7522	37.6156	-2960561	4	Kyiv, Kyyiv, Misto, Ukraine	UP	UP12	28554	50.4333	30.5167	-1044367	4	Kyiv, Kyyiv, Misto, Ukraine	UP	UP12	28554	50.4333	30.5167	-1044367	20260920103000	https://www.abc.net.au/news/2026-09-20/russia-ukraine-drone-attack-moscow-election/107174326
1323940371	20260920	202609	2026	2026.7123	GOV	PRESIDENT						GOV			SPY	INTELLIGENCE						SPY			1	051	051	05	1	3.4	8	1	8	-0.53835800807537	3	White House, District of Columbia, United States	US	USDC		38.8951	-77.0364	531871	3	White House, District of Columbia, United States	US	USDC		38.8951	-77.0364	531871	3	White House, District of Columbia, United States	US	USDC		38.8951	-77.0364	531871	20260920103000	https://www.theguardian.com/us-news/2026/sep/20/trump-ai-policy-financial-interest
1323940372	20260920	202609	2026	2026.7123	GOV	PRESIDENT						GOV			SPY	INTELLIGENCE						SPY			1	051	051	05	1	3.4	2	1	2	-0.53835800807537	1	China	CH	CH		35	105	CH	3	White House, District of Columbia, United States	US	USDC		38.8951	-77.0364	531871	3	White House, District of Columbia, United States	US	USDC		38.8951	-77.0364	531871	20260920103000	https://www.theguardian.com/us-news/2026/sep/20/trump-ai-policy-financial-interest
1323940373	20260920	202609	2026	2026.7123	GOV	ATTORNEY GENERAL						GOV			USA	UNITED STATES	USA								0	020	020	02	1	3.0	2	1	2	-3.24825986078886	2	Louisiana, United States	US	USLA		31.1801	-91.8749	LA	2	Louisiana, United States	US	USLA		31.1801	-91.8749	LA	2	Louisiana, United States	US	USLA		31.1801	-91.8749	LA	20260920103000	https://www.nola.com/news/kenner-seeks-state-input-on-airport-board/article_de6dfb73-eb76-492f-a2bb-df318ea05d2a.html
1323940374	20260920	202609	2026	2026.7123	GOV	MAYOR						GOV			USA	UNITED STATES	USA								1	040	040	04	1	1.0	2	1	2	-3.24825986078886	3	New Orleans, Louisiana, United States	US	USLA	LA071	29.9546	-90.0751	1629985	3	New Orleans, Louisiana, United States	US	USLA		29.9546	-90.0751	1629985	3	New Orleans, Louisiana, United States	US	USLA		29.9546	-90.0751	1629985	20260920103000	https://www.nola.com/news/kenner-seeks-state-input-on-airport-board/article_de6dfb73-eb76-492f-a2bb-df318ea05d2a.html
1323940375	20260920	202609	2026	2026.7123	GOV	MAYOR						GOV			USA	UNITED STATES	USA								1	129	129	12	3	-5.0	2	1	2	-3.24825986078886	3	New Orleans, Louisiana, United States	US	USLA	LA071	29.9546	-90.0751	1629985	3	New Orleans, Louisiana, United States	US	USLA		29.9546	-90.0751	1629985	3	New Orleans, Louisiana, United States	US	USLA		29.9546	-90.0751	1629985	20260920103000	https://www.nola.com/news/kenner-seeks-state-input-on-airport-board/article_de6dfb73-eb76-492f-a2bb-df318ea05d2a.html
1323940376	20260920	202609	2026	2026.7123	GOVMIL	MINIST OF DEFENCE						GOV	MIL												0	040	040	04	1	1.0	3	1	3	-0.25706940874036	4	Hausa, Lagos, Nigeria	NI	NI05	191291	6.60961	3.35658	-2010259	0								4	Hausa, Lagos, Nigeria	NI	NI05	191291	6.60961	3.35658	-2010259	20260920103000	https://www.vanguardngr.com/2026/09/i-didnt-abandon-gov-yusuf-i-still-like-him-kwankwaso/
1323940377	20260920	202609	2026	2026.7123	GOVMIL	MINIST OF DEFENCE						GOV	MIL												0	040	040	04	1	1.0	2	1	2	-0.25706940874036	5	Kano State, Kano, Nigeria	NI	NI29	191066	11.5	8.5	-2014618	0								5	Kano State, Kano, Nigeria	NI	NI29	191066	11.5	8.5	-2014618	20260920103000	https://www.vanguardngr.com/2026/09/i-didnt-abandon-gov-yusuf-i-still-like-him-kwankwaso/
1323940378	20260920	202609	2026	2026.7123	GOVMIL	MINIST OF DEFENCE						GOV	MIL												0	046	046	04	1	7.0	3	1	3	-0.25706940874036	4	Hausa, Lagos, Nigeria	NI	NI05	191291	6.60961	3.35658	-2010259	0								4	Hausa, Lagos, Nigeria	NI	NI05	191291	6.60961	3.35658	-2010259	20260920103000	https://www.vanguardngr.com/2026/09/i-didnt-abandon-gov-yusuf-i-still-like-him-kwankwaso/
1323940379	20260920	202609	2026	2026.7123	GOVMIL	MINIST OF DEFENCE						GOV	MIL												0	046	046	04	1	7.0	2	1	2	-0.25706940874036	5	Kano State, Kano, Nigeria	NI	NI29	191066	11.5	8.5	-2014618	0								5	Kano State, Kano, Nigeria	NI	NI29	191066	11.5	8.5	-2014618	20260920103000	https://www.vanguardngr.com/2026/09/i-didnt-abandon-gov-yusuf-i-still-like-him-kwankwaso/
1323940380	20260920	202609	2026	2026.7123	HLH	DOCTOR						HLH													0	012	012	01	1	-0.4	10	1	10	-4.49526813880127	4	Newport, Newport, United Kingdom	UK	UKY6	40181	51.5833	-2.98333	-2604041	0								4	Newport, Newport, United Kingdom	UK	UKY6	40181	51.5833	-2.98333	-2604041	20260920103000	https://www.dailymail.com/health/article-16141767/cold-flu-medication-paracetamol-dangerous.html
1323940381	20260920	202609	2026	2026.7123	HLH	HOSPITAL						HLH													1	043	043	04	1	2.8	2	1	2	-8.51851851851852	4	Dadra, Dadra and Nagar Haveli, India	IN	IN06	70119	20.3167	72.9667	-2093793	0								4	Dadra, Dadra and Nagar Haveli, India	IN	IN06	70119	20.3167	72.9667	-2093793	20260920103000	https://www.orissapost.com/three-killed-one-injured-as-speeding-bmw-crashes-on-coastal-road-in-mumbai/
1323940382	20260920	202609	2026	2026.7123	HLH	HOSPITAL						HLH													0	043	043	04	1	2.8	8	1	7	-7.82997762863535	4	Busia, Western, Kenya	KE	KE09	18585	0.467084	34.0882	-2242746	0								4	Busia, Western, Kenya	KE	KE09	18585	0.467084	34.0882	-2242746	20260920103000	https://www.the-star.co.ke/news/2026-09-20-factory-tragedy-as-machine-operator-is-killed-by-metal
1323940383	20260920	202609	2026	2026.7123	HLH	HOSPITAL						HLH			CVL	RESIDENTS						CVL			1	043	043	04	1	2.8	1	1	1	-8.51851851851852	4	Dadra, Dadra and Nagar Haveli, India	IN	IN06	70119	20.3167	72.9667	-2093793	4	Silvassa, Dadra and Nagar Haveli, India	IN	IN06	70119	20.2667	73.0167	-2111345	4	Dadra, Dadra and Nagar Haveli, India	IN	IN06	70119	20.3167	72.9667	-2093793	20260920103000	https://www.orissapost.com/three-killed-one-injured-as-speeding-bmw-crashes-on-coastal-road-in-mumbai/
1323940384	20260920	202609	2026	2026.7123	HLH	HOSPITAL						HLH			IND	DAMAN AND DIU	IND								1	043	043	04	1	2.8	2	1	2	-8.51851851851852	4	Dadra, Dadra and Nagar Haveli, India	IN	IN06	70119	20.3167	72.9667	-2093793	4	Dadra, Dadra and Nagar Haveli, India	IN	IN06	70119	20.3167	72.9667	-2093793	4	Dadra, Dadra and Nagar Haveli, India	IN	IN06	70119	20.3167	72.9667	-2093793	20260920103000	https://www.orissapost.com/three-killed-one-injured-as-speeding-bmw-crashes-on-coastal-road-in-mumbai/
1323940385	20260920	202609	2026	2026.7123	HLH	HOSPITAL						HLH			KEN	KENYA	KEN								0	042	042	04	1	1.9	4	1	4	-7.82997762863535	4	Busia, Western, Kenya	KE	KE09	18585	0.467084	34.0882	-2242746	4	Busia, Western, Kenya	KE	KE09	18585	0.467084	34.0882	-2242746	4	Busia, Western, Kenya	KE	KE09	18585	0.467084	34.0882	-2242746	20260920103000	https://www.the-star.co.ke/news/2026-09-20-factory-tragedy-as-machine-operator-is-killed-by-metal
1323940386	20260920	202609	2026	2026.7123	HLH	HOSPITAL						HLH			KEN	NAIROBI	KEN								1	042	042	04	1	1.9	2	1	2	-7.82997762863535	4	Nairobi West, Nairobi Area, Kenya	KE	KE05	18585	-1.3	36.8167	-2258082	4	Nairobi West, Nairobi Area, Kenya	KE	KE05	18585	-1.3	36.8167	-2258082	4	Nairobi West, Nairobi Area, Kenya	KE	KE05	18585	-1.3	36.8167	-2258082	20260920103000	https://www.the-star.co.ke/news/2026-09-20-factory-tragedy-as-machine-operator-is-killed-by-metal
1323940387	20260920	202609	2026	2026.7123	HLH	HOSPITAL						HLH			UKR	KYIV	UKR								0	012	012	01	1	-0.4	1	1	1	-6.19307832422587	4	Sumy, Sums'ka Oblast', Ukraine	UP	UP21	25068	50.9216	34.8003	-1055659	4	Kyiv, Kyyiv, Misto, Ukraine	UP	UP12	28554	50.4333	30.5167	-1044367	4	Vyshhorod, Kyyivs'ka Oblast', Ukraine	UP	UP13	28554	50.5848	30.4898	-1059141	20260920103000	https://www.the-star.co.ke/news/world/2026-09-20-two-killed-in-massive-ukrainian-drone-attack-on-moscow-region-russia-says
1323940388	20260920	202609	2026	2026.7123	HLH	HOSPITAL						HLH			UKR	UKRAINE	UKR								0	012	012	01	1	-0.4	2	1	2	-6.19307832422587	4	Sumy, Sums'ka Oblast', Ukraine	UP	UP21	25068	50.9216	34.8003	-1055659	4	Vyshhorod, Kyyivs'ka Oblast', Ukraine	UP	UP13	28554	50.5848	30.4898	-1059141	4	Kyiv, Kyyiv, Misto, Ukraine	UP	UP12	28554	50.4333	30.5167	-1044367	20260920103000	https://www.the-star.co.ke/news/world/2026-09-20-two-killed-in-massive-ukrainian-drone-attack-on-moscow-region-russia-says
1323940389	20260920	202609	2026	2026.7123	HLH	HOSPITAL						HLH			UKR	UKRAINE	UKR								0	012	012	01	1	-0.4	2	1	2	-6.19307832422587	4	Vyshhorod, Kyyivs'ka Oblast', Ukraine	UP	UP13	28554	50.5848	30.4898	-1059141	4	Kyiv, Kyyiv, Misto, Ukraine	UP	UP12	28554	50.4333	30.5167	-1044367	4	Fastiv, Kyyivs'ka Oblast', Ukraine	UP	UP13	28554	50.0767	29.9177	-1038548	20260920103000	https://www.the-star.co.ke/news/world/2026-09-20-two-killed-in-massive-ukrainian-drone-attack-on-moscow-region-russia-says
1323940390	20260920	202609	2026	2026.7123	IGOWSTNAT	NATO	WST	NAT				IGO			IRN	IRAN	IRN								0	110	110	11	3	-2.0	2	1	2	-0.72859744990893	4	Beijing, Beijing, China	CH	CH22	13001	39.9289	116.388	-1898541	3	Fort Worth, Texas, United States	US	USTX		32.7254	-97.3208	1380947	4	Beijing, Beijing, China	CH	CH22	13001	39.9289	116.388	-1898541	20260920103000	https://www.nbcdfw.com/news/national-international/trump-china-red-carpet-xi-visit/4079624/
1323940391	20260920	202609	2026	2026.7123	IND	BIHAR	IND																		0	036	036	03	1	4.0	3	1	3	0.9895227008149	4	Bihar, Bihar, India	IN	IN34	17615	25.1833	85.5167	-2091797	0								4	Bihar, Bihar, India	IN	IN34	17615	25.1833	85.5167	-2091797	20260920103000	https://timesofindia.indiatimes.com/india/amit-shah-wants-ucc-in-all-nda-states-by-2029-what-will-jdu-do-in-bihar/articleshow/134366097.cms
1323940392	20260920	202609	2026	2026.7123	IND	NEW DELHI	IND																		1	040	040	04	1	1.0	1	1	1	2.05391527599487	1	China	CH	CH		35	105	CH	0								1	China	CH	CH		35	105	CH	20260920103000	https://www.the-star.co.ke/siasa/2026-09-20-konyango-brics-and-changing-architecture-of-the-global-south
1323940393	20260920	202609	2026	2026.7123	IND	DELHI	IND								EDUEDU	COLLEGE						EDU	EDU		1	173	173	17	4	-5.0	3	1	3	-6.89655172413793	4	East District, India (general), India	IN	IN00	17861	27.3333	88.6667	-2095400	4	East District, India (general), India	IN	IN00	17861	27.3333	88.6667	-2095400	4	East District, India (general), India	IN	IN00	17861	27.3333	88.6667	-2095400	20260920103000	https://www.prokerala.com/news/articles/a1814487.html
1323940394	20260920	202609	2026	2026.7123	IND	DAMAN AND DIU	IND								HLH	HOSPITAL						HLH			1	042	042	04	1	1.9	2	1	2	-8.51851851851852	4	Bandra, Maharashtra, India	IN	IN16	70184	19.0667	72.8333	82619	4	Bandra, Maharashtra, India	IN	IN16	70184	19.0667	72.8333	82619	4	Bandra, Maharashtra, India	IN	IN16	70184	19.0667	72.8333	82619	20260920103000	https://www.orissapost.com/three-killed-one-injured-as-speeding-bmw-crashes-on-coastal-road-in-mumbai/
1323940395	20260920	202609	2026	2026.7123	IND	JODHPUR	IND								JPN	JAPAN	JPN								1	062	062	06	2	7.4	20	2	20	-1.01787101787102	1	Japan	JA	JA		36	138	JA	1	Japan	JA	JA		36	138	JA	1	Japan	JA	JA		36	138	JA	20260920103000	https://ianslive.in/india-japan-air-force-chiefs-fly-tejas-during-veer-guardian-2026-exercise--20260920151010
1323940396	20260920	202609	2026	2026.7123	IRL	IRELAND	IRL																		1	043	043	04	1	2.8	2	1	2	6.37450199203187	4	Carlow, Carlow, Ireland	EI	EI01	18292	52.8408	-6.92611	-1501356	0								4	Carlow, Carlow, Ireland	EI	EI01	18292	52.8408	-6.92611	-1501356	20260920103000	https://www.rte.ie/news/regional/2026/0919/1592207-louth-sligo-community/
1323940397	20260920	202609	2026	2026.7123	IRL	IRELAND	IRL								CZE	CZECH REPUBLIC	CZE								1	043	043	04	1	2.8	1	1	1	6.37450199203187	4	Carlow, Carlow, Ireland	EI	EI01	18292	52.8408	-6.92611	-1501356	1	Czech Republic	EZ	EZ		49.75	15	EZ	4	Carlow, Carlow, Ireland	EI	EI01	18292	52.8408	-6.92611	-1501356	20260920103000	https://www.rte.ie/news/regional/2026/0919/1592207-louth-sligo-community/
1323940398	20260920	202609	2026	2026.7123	IRL	IRELAND	IRL								EUR	EUROPE	EUR								1	043	043	04	1	2.8	2	1	2	6.37450199203187	4	Carlow, Carlow, Ireland	EI	EI01	18292	52.8408	-6.92611	-1501356	4	Carlow, Carlow, Ireland	EI	EI01	18292	52.8408	-6.92611	-1501356	4	Carlow, Carlow, Ireland	EI	EI01	18292	52.8408	-6.92611	-1501356	20260920103000	https://www.rte.ie/news/regional/2026/0919/1592207-louth-sligo-community/
1323940399	20260920	202609	2026	2026.7123	IRL	IRELAND	IRL								EUR	EUROPE	EUR								1	043	043	04	1	2.8	1	1	1	6.37450199203187	4	Carlow, Carlow, Ireland	EI	EI01	18292	52.8408	-6.92611	-1501356	1	Czech Republic	EZ	EZ		49.75	15	EZ	4	Carlow, Carlow, Ireland	EI	EI01	18292	52.8408	-6.92611	-1501356	20260920103000	https://www.rte.ie/news/regional/2026/0919/1592207-louth-sligo-community/
1323940400	20260920	202609	2026	2026.7123	IRL	DUBLIN	IRL								GBRIMY	MANX	GBR								1	043	043	04	1	2.8	10	1	10	1.53846153846154	4	Dublin, Dublin, Ireland	EI	EI07	18288	53.3331	-6.24889	-1502554	4	Dublin, Dublin, Ireland	EI	EI07	18288	53.3331	-6.24889	-1502554	4	Dublin, Dublin, Ireland	EI	EI07	18288	53.3331	-6.24889	-1502554	20260920103000	https://www.iomtoday.co.im/news/entertainment/manx-gaelic-choir-return-from-dublin-after-successful-trip-955812
1323940401	20260920	202609	2026	2026.7123	IRN	IRAN	IRN								USA	TEXAS	USA								0	173	173	17	4	-5.0	1	1	1	-2.81899109792284	1	Iran	IR	IR		32	53	IR	2	Texas, United States	US	USTX		31.106	-97.6475	TX	2	Louisiana, United States	US	USLA		31.1801	-91.8749	LA	20260920103000	https://www.aol.co.uk/articles/leftists-waves-trump-flexes-muscles-100013000.html
1323940402	20260920	202609	2026	2026.7123	IRN	IRAN	IRN								USA	TEXAS	USA								0	173	173	17	4	-5.0	1	1	1	-2.81899109792284	1	Iran	IR	IR		32	53	IR	2	Texas, United States	US	USTX		31.106	-97.6475	TX	2	Texas, United States	US	USTX		31.106	-97.6475	TX	20260920103000	https://www.aol.co.uk/articles/leftists-waves-trump-flexes-muscles-100013000.html
1323940403	20260920	202609	2026	2026.7123	IRN	IRAN	IRN								USALEG	UNITED STATES	USA					LEG			0	173	173	17	4	-5.0	1	1	1	-2.81899109792284	1	Iran	IR	IR		32	53	IR	2	Texas, United States	US	USTX		31.106	-97.6475	TX	2	Louisiana, United States	US	USLA		31.1801	-91.8749	LA	20260920103000	https://www.aol.co.uk/articles/leftists-waves-trump-flexes-muscles-100013000.html
1323940404	20260920	202609	2026	2026.7123	IRN	IRAN	IRN								USALEG	UNITED STATES	USA					LEG			0	173	173	17	4	-5.0	1	1	1	-2.81899109792284	1	Iran	IR	IR		32	53	IR	2	Texas, United States	US	USTX		31.106	-97.6475	TX	2	Texas, United States	US	USTX		31.106	-97.6475	TX	20260920103000	https://www.aol.co.uk/articles/leftists-waves-trump-flexes-muscles-100013000.html
1323940405	20260920	202609	2026	2026.7123	IRNGOV	PERSIA	IRN					GOV			fan	FANG			fan						1	172	172	17	4	-5.0	2	1	2	-0.30674846625767	4	Tokyo, Tokyo, Japan	JA	JA40	36340	35.685	139.751	-246227	4	Tokyo, Tokyo, Japan	JA	JA40	36340	35.685	139.751	-246227	4	Tokyo, Tokyo, Japan	JA	JA40	36340	35.685	139.751	-246227	20260920103000	https://www.gamesradar.com/games/action/a-castlevania-belmonts-curse-demo-kicks-off-the-halloween-season-in-october-with-save-data-transferring-to-the-full-game/
1323940406	20260920	202609	2026	2026.7123	ITA	PIEDMONT	ITA								BUS	EMPLOYER						BUS			1	043	043	04	1	2.8	10	1	10	5.51724137931035	0								0								0								20260920103000	https://whky.com/job-fair-scheduled-in-alexander-county/
1323940407	20260920	202609	2026	2026.7123	ITA	ROME	ITA								CHRCTH	THE POPE				CHR	CTH				1	010	010	01	1	0.0	10	1	10	3.80100614868641	1	Ireland	EI	EI		53	-8	EI	1	Ireland	EI	EI		53	-8	EI	1	Ireland	EI	EI		53	-8	EI	20260920103000	https://www.rte.ie/brainstorm/2026/0917/1591737-station-mass-ireland-tradition-priest-family-neighbours-celebration/
1323940408	20260920	202609	2026	2026.7123	ITA	ROME	ITA								CVL	COMMUNITY						CVL			1	017	017	01	1	0.0	8	1	8	3.80100614868641	4	Rome, Lazio, Italy	IT	IT07	18350	41.9	12.4833	-126693	4	Rome, Lazio, Italy	IT	IT07	18350	41.9	12.4833	-126693	4	Rome, Lazio, Italy	IT	IT07	18350	41.9	12.4833	-126693	20260920103000	https://www.rte.ie/brainstorm/2026/0917/1591737-station-mass-ireland-tradition-priest-family-neighbours-celebration/
1323940409	20260920	202609	2026	2026.7123	ITA	ROME	ITA								CVL	COMMUNITY						CVL			1	017	017	01	1	0.0	2	1	2	3.80100614868641	4	Rome, Lazio, Italy	IT	IT07	18350	41.9	12.4833	-126693	1	Ireland	EI	EI		53	-8	EI	4	Rome, Lazio, Italy	IT	IT07	18350	41.9	12.4833	-126693	20260920103000	https://www.rte.ie/brainstorm/2026/0917/1591737-station-mass-ireland-tradition-priest-family-neighbours-celebration/
1323940410	20260920	202609	2026	2026.7123	ITA	ROME	ITA								EDU	SCHOLAR						EDU			0	042	042	04	1	1.9	5	1	5	-3.62438220757825	4	Rome, Lazio, Italy	IT	IT07	18350	41.9	12.4833	-126693	4	Roma, Lazio, Italy	IT	IT07	18350	41.9	12.4833	-126693	4	Rome, Lazio, Italy	IT	IT07	18350	41.9	12.4833	-126693	20260920103000	https://www.thelocal.it/20260920/on-the-agenda-whats-happening-in-italy-this-week-189
1323940411	20260920	202609	2026	2026.7123	ITA	ROME	ITA								MED	WRITER						MED			0	042	042	04	1	1.9	5	1	5	-3.62438220757825	4	Rome, Lazio, Italy	IT	IT07	18350	41.9	12.4833	-126693	4	Rome, Lazio, Italy	IT	IT07	18350	41.9	12.4833	-126693	4	Rome, Lazio, Italy	IT	IT07	18350	41.9	12.4833	-126693	20260920103000	https://www.thelocal.it/20260920/on-the-agenda-whats-happening-in-italy-this-week-189
1323940412	20260920	202609	2026	2026.7123	JEW	JEWISH				JEW					EDU	COLLEGE						EDU			1	042	042	04	1	1.9	2	1	2	-0.24906600249066	3	New Orleans, Louisiana, United States	US	USLA	LA071	29.9546	-90.0751	1629985	1	Germany	GM	GM		51.5	10.5	GM	1	Germany	GM	GM		51.5	10.5	GM	20260920103000	https://www.nola.com/opinions/quin_hillyer/hillyer-jew-yom-kippur-antisemitism-louisiana-memoirs/article_d6f90fad-f515-46cc-9452-244a47005868.html
1323940413	20260920	202609	2026	2026.7123	JEW	JEWISH				JEW					EDU	COLLEGE						EDU			1	042	042	04	1	1.9	2	1	2	-0.24906600249066	1	Israel	IS	IS		31.5	34.75	IS	1	Germany	GM	GM		51.5	10.5	GM	1	Germany	GM	GM		51.5	10.5	GM	20260920103000	https://www.nola.com/opinions/quin_hillyer/hillyer-jew-yom-kippur-antisemitism-louisiana-memoirs/article_d6f90fad-f515-46cc-9452-244a47005868.html
1323940414	20260920	202609	2026	2026.7123	JEW	JEWISH				JEW					EDU	COLLEGE						EDU			1	042	042	04	1	1.9	6	1	6	-0.24906600249066	2	Louisiana, United States	US	USLA		31.1801	-91.8749	LA	1	Israel	IS	IS		31.5	34.75	IS	1	Israel	IS	IS		31.5	34.75	IS	20260920103000	https://www.nola.com/opinions/quin_hillyer/hillyer-jew-yom-kippur-antisemitism-louisiana-memoirs/article_d6f90fad-f515-46cc-9452-244a47005868.html
1323940415	20260920	202609	2026	2026.7123	JOR	JORDAN	JOR								SAU	RIYADH	SAU								0	112	112	11	3	-2.0	2	1	2	-8.98058252427184	4	Riyadh, Ar Riya?, Saudi Arabia	SA	SA10	25316	24.6408	46.7728	-3093009	1	Egypt	EG	EG		27	30	EG	4	Riyadh, Ar Riya?, Saudi Arabia	SA	SA10	25316	24.6408	46.7728	-3093009	20260920103000	https://www.newsday.com/news/nation/mideast-news-roundup-september-20-2026-b83840
1323940416	20260920	202609	2026	2026.7123	JOR	JORDAN	JOR								SAU	RIYADH	SAU								0	112	112	11	3	-2.0	4	2	4	-10.3260869565218	1	Egypt	EG	EG		27	30	EG	1	Kuwait	KU	KU		29.5	47.75	KU	1	Jordan	JO	JO		31	36	JO	20260920103000	https://www.wboc.com/news/international/israeli-man-critically-wounded-in-west-bank-shooting-and-other-mideast-developments/article_7758e109-8da0-5c1e-b1ec-1f1bcdb9bb9d.html
1323940417	20260920	202609	2026	2026.7123	JORELI	HASSAN	JOR					ELI													0	190	190	19	4	-10.0	1	1	1	0.57803468208092	4	Embakasi, Nairobi Area, Kenya	KE	KE05	18585	-1.3	36.9167	-2244234	0								4	Embakasi, Nairobi Area, Kenya	KE	KE05	18585	-1.3	36.9167	-2244234	20260920103000	https://www.the-star.co.ke/news/2026-09-20-gachagua-nairobi-sweep-prediction-meets-sifuna-wave
1323940418	20260920	202609	2026	2026.7123	JORELI	HASSAN	JOR					ELI			KEN	KENYA	KEN								0	190	190	19	4	-10.0	2	1	2	0.57803468208092	4	Embakasi, Nairobi Area, Kenya	KE	KE05	18585	-1.3	36.9167	-2244234	4	Embakasi, Nairobi Area, Kenya	KE	KE05	18585	-1.3	36.9167	-2244234	4	Embakasi, Nairobi Area, Kenya	KE	KE05	18585	-1.3	36.9167	-2244234	20260920103000	https://www.the-star.co.ke/news/2026-09-20-gachagua-nairobi-sweep-prediction-meets-sifuna-wave
1323940419	20260920	202609	2026	2026.7123	JPN	JAPAN	JPN																		0	1723	172	17	4	-5.0	6	1	6	-2.56111757857974	4	Chuo, Hokkaido, Japan	JA	JA12	34324	43.6167	144.967	-237481	0								4	Chuo, Hokkaido, Japan	JA	JA12	34324	43.6167	144.967	-237481	20260920103000	https://newsonjapan.com/article/150813.php
1323940420	20260920	202609	2026	2026.7123	JPN	JAPAN	JPN								GOV	EMBASSY						GOV			0	110	110	11	3	-2.0	10	1	10	-3.4313725490196	1	Japan	JA	JA		36	138	JA	4	Beijing, Beijing, China	CH	CH22	13001	39.9289	116.388	-1898541	1	Japan	JA	JA		36	138	JA	20260920103000	https://asia.nikkei.com/spotlight/north-korea-tensions/north-korea-fires-two-missiles-off-east-coast-in-three-hours
1323940421	20260920	202609	2026	2026.7123	JPN	JAPAN	JPN								IND	JODHPUR	IND								1	062	062	06	2	7.4	20	2	20	-1.01787101787102	1	Japan	JA	JA		36	138	JA	1	Japan	JA	JA		36	138	JA	1	Japan	JA	JA		36	138	JA	20260920103000	https://ianslive.in/india-japan-air-force-chiefs-fly-tejas-during-veer-guardian-2026-exercise--20260920151010
1323940422	20260920	202609	2026	2026.7123	JPN	JAPAN	JPN								MED	NEWS OUTLET						MED			1	010	010	01	1	0.0	1	1	1	0.98522167487684	1	Japan	JA	JA		36	138	JA	1	Japan	JA	JA		36	138	JA	1	Japan	JA	JA		36	138	JA	20260920103000	https://emagazine.com/miyawaki-forest-reforestation-goes-small/
1323940423	20260920	202609	2026	2026.7123	JPN	JAPAN	JPN								idgUAF	INDIGENOUS			idg			UAF			1	042	042	04	1	1.9	20	2	20	-1.01787101787102	1	India	IN	IN		20	77	IN	1	India	IN	IN		20	77	IN	1	India	IN	IN		20	77	IN	20260920103000	https://ianslive.in/india-japan-air-force-chiefs-fly-tejas-during-veer-guardian-2026-exercise--20260920151010
1323940424	20260920	202609	2026	2026.7123	JPNBUS	JAPAN	JPN					BUS													1	160	160	16	4	-4.0	8	1	8	-2.56111757857974	5	Shizuoka, Shizuoka, Japan	JA	JA37	36171	35.0252	138.325	-244118	0								5	Shizuoka, Shizuoka, Japan	JA	JA37	36171	35.0252	138.325	-244118	20260920103000	https://newsonjapan.com/article/150813.php
1323940425	20260920	202609	2026	2026.7123	JUD	JUDGE						JUD													1	080	080	08	2	5.0	10	1	10	-3.7593984962406	2	Delaware, United States	US	USDE		39.3498	-75.5148	DE	0								2	Delaware, United States	US	USDE		39.3498	-75.5148	DE	20260920103000	https://www.kunr.org/u-s-headlines/2026-09-20/judge-orders-fox-to-hand-over-hundreds-of-documents-in-shareholders-case
1323940426	20260920	202609	2026	2026.7123	JUD	ATTORNEY						JUD													0	112	112	11	3	-2.0	10	1	10	-3.7593984962406	2	Delaware, United States	US	USDE		39.3498	-75.5148	DE	0								2	Delaware, United States	US	USDE		39.3498	-75.5148	DE	20260920103000	https://www.kunr.org/u-s-headlines/2026-09-20/judge-orders-fox-to-hand-over-hundreds-of-documents-in-shareholders-case
1323940427	20260920	202609	2026	2026.7123	JUD	HIGH COURT						JUD			BGD	BANGLADESH	BGD								0	173	173	17	4	-5.0	2	1	2	-7.10659898477158	4	Jatrabari, Bangladesh (general), Bangladesh	BG	BG00	5790	24.9833	90.9167	-2722689	4	Jatrabari, Bangladesh (general), Bangladesh	BG	BG00	5790	24.9833	90.9167	-2722689	4	Jatrabari, Bangladesh (general), Bangladesh	BG	BG00	5790	24.9833	90.9167	-2722689	20260920103000	https://bdnews24.com/bangladesh/xuiumxaqww
1323940428	20260920	202609	2026	2026.7123	JUD	ATTORNEY						JUD			GBR	BRITISH	GBR								0	051	051	05	1	3.4	2	1	2	-3.7593984962406	2	Delaware, United States	US	USDE		39.3498	-75.5148	DE	2	Delaware, United States	US	USDE		39.3498	-75.5148	DE	2	Delaware, United States	US	USDE		39.3498	-75.5148	DE	20260920103000	https://www.kunr.org/u-s-headlines/2026-09-20/judge-orders-fox-to-hand-over-hundreds-of-documents-in-shareholders-case
1323940429	20260920	202609	2026	2026.7123	JUD	ATTORNEY						JUD			GBR	BRITISH	GBR								0	051	051	05	1	3.4	6	1	6	-3.7593984962406	1	United Kingdom	UK	UK		54	-4	UK	1	United Kingdom	UK	UK		54	-4	UK	1	United Kingdom	UK	UK		54	-4	UK	20260920103000	https://www.kunr.org/u-s-headlines/2026-09-20/judge-orders-fox-to-hand-over-hundreds-of-documents-in-shareholders-case
1323940430	20260920	202609	2026	2026.7123	JUD	ATTORNEY						JUD			USA	UNITED STATES	USA								0	051	051	05	1	3.4	2	1	2	-3.7593984962406	2	Delaware, United States	US	USDE		39.3498	-75.5148	DE	2	Delaware, United States	US	USDE		39.3498	-75.5148	DE	2	Delaware, United States	US	USDE		39.3498	-75.5148	DE	20260920103000	https://www.kunr.org/u-s-headlines/2026-09-20/judge-orders-fox-to-hand-over-hundreds-of-documents-in-shareholders-case
1323940431	20260920	202609	2026	2026.7123	KAZ	KAZAKHSTAN	KAZ								MNCUSAMED	GOOGLE	USA					MNC	MED		1	020	020	02	1	3.0	4	1	4	0.13210039630119	4	Turgai, Qostanay, Kazakhstan	KZ	KZ13	37249	49.6339	63.4981	-2345172	4	Turgai, Qostanay, Kazakhstan	KZ	KZ13	37249	49.6339	63.4981	-2345172	4	Turgai, Qostanay, Kazakhstan	KZ	KZ13	37249	49.6339	63.4981	-2345172	20260920103000	https://timesofindia.indiatimes.com/world/rest-of-world/in-2007-a-kazakh-economist-searching-google-earth-for-pyramids-found-giant-crosses-and-rings-dating-points-to-about-800-bc/articleshow/134353687.cms
1323940432	20260920	202609	2026	2026.7123	KEN	KENYA	KEN																		0	010	010	01	1	0.0	4	1	4	0.57803468208092	4	Funyula, Western, Kenya	KE	KE09	18585	0.278468	34.1194	-2244749	0								4	Funyula, Western, Kenya	KE	KE09	18585	0.278468	34.1194	-2244749	20260920103000	https://www.the-star.co.ke/news/2026-09-20-gachagua-nairobi-sweep-prediction-meets-sifuna-wave
1323940433	20260920	202609	2026	2026.7123	KEN	KENYA	KEN																		0	010	010	01	1	0.0	1	1	1	0.57803468208092	4	Funyula, Western, Kenya	KE	KE09	18585	0.278468	34.1194	-2244749	0								4	Nairobi, Nairobi Area, Kenya	KE	KE05	18585	-1.28333	36.8167	-2258072	20260920103000	https://www.the-star.co.ke/news/2026-09-20-gachagua-nairobi-sweep-prediction-meets-sifuna-wave
1323940434	20260920	202609	2026	2026.7123	KEN	KENYA	KEN																		1	010	010	01	1	0.0	1	1	1	0.19646365422397	4	Kiharu, Central, Kenya	KE	KE01	18585	-0.716667	37.15	-2250537	0								4	Kiharu, Central, Kenya	KE	KE01	18585	-0.716667	37.15	-2250537	20260920103000	https://www.the-star.co.ke/news/2026-09-20-jitters-as-nyoro-matiangi-political-moves-reshape-mt-kenya-opposition-politics
1323940435	20260920	202609	2026	2026.7123	KEN	KENYA	KEN																		1	010	010	01	1	0.0	1	1	1	0.19646365422397	4	Kiharu, Central, Kenya	KE	KE01	18585	-0.716667	37.15	-2250537	0								4	Muranga, Central, Kenya	KE	KE01	18585	-0.716667	37.15	-2257236	20260920103000	https://www.the-star.co.ke/news/2026-09-20-jitters-as-nyoro-matiangi-political-moves-reshape-mt-kenya-opposition-politics
1323940436	20260920	202609	2026	2026.7123	KEN	KENYA	KEN																		0	010	010	01	1	0.0	4	1	4	-2.71546635182999	4	Nairobi, Nairobi Area, Kenya	KE	KE05	18585	-1.28333	36.8167	-2258072	0								4	Nairobi, Nairobi Area, Kenya	KE	KE05	18585	-1.28333	36.8167	-2258072	20260920103000	https://www.the-star.co.ke/news/2026-09-20-us-to-closely-watch-2027-polls-for-stability-us-envoy-nominee-wooster-says
1323940437	20260920	202609	2026	2026.7123	KEN	KENYA	KEN																		0	010	010	01	1	0.0	1	1	1	-2.71546635182999	4	Nairobi, Nairobi Area, Kenya	KE	KE05	18585	-1.28333	36.8167	-2258072	0								3	Washington, District of Columbia, United States	US	USDC	DC001	38.8951	-77.0364	531871	20260920103000	https://www.the-star.co.ke/news/2026-09-20-us-to-closely-watch-2027-polls-for-stability-us-envoy-nominee-wooster-says
1323940438	20260920	202609	2026	2026.7123	KEN	KENYA	KEN																		0	010	010	01	1	0.0	1	1	1	-2.71546635182999	4	Nairobi, Nairobi Area, Kenya	KE	KE05	18585	-1.28333	36.8167	-2258072	0								1	China	CH	CH		35	105	CH	20260920103000	https://www.the-star.co.ke/news/2026-09-20-us-to-closely-watch-2027-polls-for-stability-us-envoy-nominee-wooster-says
1323940439	20260920	202609	2026	2026.7123	KEN	KENYA	KEN																		0	010	010	01	1	0.0	1	1	1	0.57803468208092	1	Myanmar	BM	BM		22	98	BM	0								4	Nairobi, Nairobi Area, Kenya	KE	KE05	18585	-1.28333	36.8167	-2258072	20260920103000	https://www.the-star.co.ke/news/2026-09-20-gachagua-nairobi-sweep-prediction-meets-sifuna-wave
1323940440	20260920	202609	2026	2026.7123	KEN	KENYA	KEN																		0	012	012	01	1	-0.4	2	1	2	0.19646365422397	4	Kangema, Central, Kenya	KE	KE01	18585	-0.683333	36.9667	-2248324	0								4	Kangema, Central, Kenya	KE	KE01	18585	-0.683333	36.9667	-2248324	20260920103000	https://www.the-star.co.ke/news/2026-09-20-jitters-as-nyoro-matiangi-political-moves-reshape-mt-kenya-opposition-politics
1323940441	20260920	202609	2026	2026.7123	KEN	KENYA	KEN																		0	012	012	01	1	-0.4	2	1	2	0.19646365422397	4	Kangema, Central, Kenya	KE	KE01	18585	-0.683333	36.9667	-2248324	0								4	Kiharu, Central, Kenya	KE	KE01	18585	-0.716667	37.15	-2250537	20260920103000	https://www.the-star.co.ke/news/2026-09-20-jitters-as-nyoro-matiangi-political-moves-reshape-mt-kenya-opposition-politics
1323940442	20260920	202609	2026	2026.7123	KEN	NAIROBI	KEN																		0	040	040	04	1	1.0	1	1	1	0.19646365422397	4	Muranga, Central, Kenya	KE	KE01	18585	-0.716667	37.15	-2257236	0								4	Muranga, Central, Kenya	KE	KE01	18585	-0.716667	37.15	-2257236	20260920103000	https://www.the-star.co.ke/news/2026-09-20-jitters-as-nyoro-matiangi-political-moves-reshape-mt-kenya-opposition-politics
1323940443	20260920	202609	2026	2026.7123	KEN	NAIROBI	KEN																		0	040	040	04	1	1.0	7	1	7	0.19646365422397	4	Nairobi, Nairobi Area, Kenya	KE	KE05	18585	-1.28333	36.8167	-2258072	0								4	Nairobi, Nairobi Area, Kenya	KE	KE05	18585	-1.28333	36.8167	-2258072	20260920103000	https://www.the-star.co.ke/news/2026-09-20-jitters-as-nyoro-matiangi-political-moves-reshape-mt-kenya-opposition-politics
1323940444	20260920	202609	2026	2026.7123	KEN	KENYA	KEN																		0	043	043	04	1	2.8	2	1	2	-7.82997762863535	4	Busia, Western, Kenya	KE	KE09	18585	0.467084	34.0882	-2242746	0								4	Busia, Western, Kenya	KE	KE09	18585	0.467084	34.0882	-2242746	20260920103000	https://www.the-star.co.ke/news/2026-09-20-factory-tragedy-as-machine-operator-is-killed-by-metal
1323940445	20260920	202609	2026	2026.7123	KEN	NAIROBI	KEN																		1	043	043	04	1	2.8	2	1	2	-7.82997762863535	4	Nairobi West, Nairobi Area, Kenya	KE	KE05	18585	-1.3	36.8167	-2258082	0								4	Nairobi West, Nairobi Area, Kenya	KE	KE05	18585	-1.3	36.8167	-2258082	20260920103000	https://www.the-star.co.ke/news/2026-09-20-factory-tragedy-as-machine-operator-is-killed-by-metal
1323940446	20260920	202609	2026	2026.7123	KEN	NAIROBI	KEN																		0	110	110	11	3	-2.0	3	1	3	0.57803468208092	4	Nairobi, Nairobi Area, Kenya	KE	KE05	18585	-1.28333	36.8167	-2258072	0								4	Makadara, Nairobi Area, Kenya	KE	KE05	18585	-1.28333	36.8833	-2254626	20260920103000	https://www.the-star.co.ke/news/2026-09-20-gachagua-nairobi-sweep-prediction-meets-sifuna-wave
1323940447	20260920	202609	2026	2026.7123	KEN	KENYA	KEN																		0	110	110	11	3	-2.0	4	1	4	0.57803468208092	4	Nairobi, Nairobi Area, Kenya	KE	KE05	18585	-1.28333	36.8167	-2258072	0								4	Nairobi, Nairobi Area, Kenya	KE	KE05	18585	-1.28333	36.8167	-2258072	20260920103000	https://www.the-star.co.ke/news/2026-09-20-gachagua-nairobi-sweep-prediction-meets-sifuna-wave
1323940448	20260920	202609	2026	2026.7123	KEN	KENYA	KEN																		0	112	112	11	3	-2.0	2	1	2	-5.60975609756097	4	Nyandarua, Central, Kenya	KE	KE01	18585	-0.627651	36.7083	-2246318	0								4	Nyandarua, Central, Kenya	KE	KE01	18585	-0.627651	36.7083	-2246318	20260920103000	https://www.the-star.co.ke/news/2026-09-20-gachagua-njeri-maina-lift-lid-on-alleged-state-attempts-to-spy-on-infiltrate-opposition
1323940449	20260920	202609	2026	2026.7123	KEN	KENYA	KEN																		0	190	190	19	4	-10.0	4	1	4	0.57803468208092	4	Embakasi, Nairobi Area, Kenya	KE	KE05	18585	-1.3	36.9167	-2244234	0								4	Embakasi, Nairobi Area, Kenya	KE	KE05	18585	-1.3	36.9167	-2244234	20260920103000	https://www.the-star.co.ke/news/2026-09-20-gachagua-nairobi-sweep-prediction-meets-sifuna-wave
1323940450	20260920	202609	2026	2026.7123	KEN	KENYA	KEN																		0	190	190	19	4	-10.0	2	1	2	0.57803468208092	4	Embakasi, Nairobi Area, Kenya	KE	KE05	18585	-1.3	36.9167	-2244234	0								4	Nairobi, Nairobi Area, Kenya	KE	KE05	18585	-1.28333	36.8167	-2258072	20260920103000	https://www.the-star.co.ke/news/2026-09-20-gachagua-nairobi-sweep-prediction-meets-sifuna-wave
1323940451	20260920	202609	2026	2026.7123	KEN	KENYA	KEN								CHN	CHINA	CHN								0	010	010	01	1	0.0	2	1	2	-2.71546635182999	4	Nairobi, Nairobi Area, Kenya	KE	KE05	18585	-1.28333	36.8167	-2258072	4	Nairobi, Nairobi Area, Kenya	KE	KE05	18585	-1.28333	36.8167	-2258072	4	Nairobi, Nairobi Area, Kenya	KE	KE05	18585	-1.28333	36.8167	-2258072	20260920103000	https://www.the-star.co.ke/news/2026-09-20-us-to-closely-watch-2027-polls-for-stability-us-envoy-nominee-wooster-says
1323940452	20260920	202609	2026	2026.7123	KEN	KENYA	KEN								CHN	CHINA	CHN								0	010	010	01	1	0.0	2	1	2	-2.71546635182999	4	Nairobi, Nairobi Area, Kenya	KE	KE05	18585	-1.28333	36.8167	-2258072	1	China	CH	CH		35	105	CH	4	Nairobi, Nairobi Area, Kenya	KE	KE05	18585	-1.28333	36.8167	-2258072	20260920103000	https://www.the-star.co.ke/news/2026-09-20-us-to-closely-watch-2027-polls-for-stability-us-envoy-nominee-wooster-says
1323940453	20260920	202609	2026	2026.7123	KEN	KENYA	KEN								CHN	CHINA	CHN								0	020	020	02	1	3.0	2	1	2	-2.71546635182999	4	Nairobi, Nairobi Area, Kenya	KE	KE05	18585	-1.28333	36.8167	-2258072	4	Nairobi, Nairobi Area, Kenya	KE	KE05	18585	-1.28333	36.8167	-2258072	4	Nairobi, Nairobi Area, Kenya	KE	KE05	18585	-1.28333	36.8167	-2258072	20260920103000	https://www.the-star.co.ke/news/2026-09-20-us-to-closely-watch-2027-polls-for-stability-us-envoy-nominee-wooster-says
1323940454	20260920	202609	2026	2026.7123	KEN	KENYA	KEN								CHN	CHINA	CHN								0	020	020	02	1	3.0	2	1	2	-2.71546635182999	4	Nairobi, Nairobi Area, Kenya	KE	KE05	18585	-1.28333	36.8167	-2258072	1	China	CH	CH		35	105	CH	4	Nairobi, Nairobi Area, Kenya	KE	KE05	18585	-1.28333	36.8167	-2258072	20260920103000	https://www.the-star.co.ke/news/2026-09-20-us-to-closely-watch-2027-polls-for-stability-us-envoy-nominee-wooster-says
1323940455	20260920	202609	2026	2026.7123	KEN	KENYA	KEN								CHRPRO117	SEVENTH DAY ADVENTIST CHURCH				CHR	PRO				1	017	017	01	1	0.0	1	1	1	0.19646365422397	4	Kiharu, Central, Kenya	KE	KE01	18585	-0.716667	37.15	-2250537	4	Muranga, Central, Kenya	KE	KE01	18585	-0.716667	37.15	-2257236	4	Muranga, Central, Kenya	KE	KE01	18585	-0.716667	37.15	-2257236	20260920103000	https://www.the-star.co.ke/news/2026-09-20-jitters-as-nyoro-matiangi-political-moves-reshape-mt-kenya-opposition-politics
1323940456	20260920	202609	2026	2026.7123	KEN	KENYA	KEN								CHRPRO117	SEVENTH DAY ADVENTIST CHURCH				CHR	PRO				1	017	017	01	1	0.0	2	1	2	0.19646365422397	4	Muranga, Central, Kenya	KE	KE01	18585	-0.716667	37.15	-2257236	4	Muranga, Central, Kenya	KE	KE01	18585	-0.716667	37.15	-2257236	4	Muranga, Central, Kenya	KE	KE01	18585	-0.716667	37.15	-2257236	20260920103000	https://www.the-star.co.ke/news/2026-09-20-jitters-as-nyoro-matiangi-political-moves-reshape-mt-kenya-opposition-politics
1323940457	20260920	202609	2026	2026.7123	KEN	KENYA	KEN								CHRPRO117	SEVENTH DAY ADVENTIST CHURCH				CHR	PRO				1	042	042	04	1	1.9	3	1	3	0.19646365422397	4	Kiharu, Central, Kenya	KE	KE01	18585	-0.716667	37.15	-2250537	4	Kiharu, Central, Kenya	KE	KE01	18585	-0.716667	37.15	-2250537	4	Kiharu, Central, Kenya	KE	KE01	18585	-0.716667	37.15	-2250537	20260920103000	https://www.the-star.co.ke/news/2026-09-20-jitters-as-nyoro-matiangi-political-moves-reshape-mt-kenya-opposition-politics
1323940458	20260920	202609	2026	2026.7123	KEN	KENYA	KEN								CHRPRO117	SEVENTH DAY ADVENTIST CHURCH				CHR	PRO				1	043	043	04	1	2.8	4	1	4	0.19646365422397	4	Kangema, Central, Kenya	KE	KE01	18585	-0.683333	36.9667	-2248324	4	Kangema, Central, Kenya	KE	KE01	18585	-0.683333	36.9667	-2248324	4	Kangema, Central, Kenya	KE	KE01	18585	-0.683333	36.9667	-2248324	20260920103000	https://www.the-star.co.ke/news/2026-09-20-jitters-as-nyoro-matiangi-political-moves-reshape-mt-kenya-opposition-politics
1323940459	20260920	202609	2026	2026.7123	KEN	KENYA	KEN								GOV	REGIME						GOV			0	051	051	05	1	3.4	5	1	5	-1.92307692307692	1	Kenya	KE	KE		1	38	KE	1	Kenya	KE	KE		1	38	KE	1	Kenya	KE	KE		1	38	KE	20260920103000	https://www.the-star.co.ke/siasa/2026-09-20-shioso-national-security-requires-bona-fide-migrants-be-legalised-and-thus-welcome
1323940460	20260920	202609	2026	2026.7123	KEN	KENYA	KEN								GOV	PRESIDENT						GOV			0	100	100	10	3	-5.0	1	1	1	0.57803468208092	4	Nairobi, Nairobi Area, Kenya	KE	KE05	18585	-1.28333	36.8167	-2258072	4	Nairobi, Nairobi Area, Kenya	KE	KE05	18585	-1.28333	36.8167	-2258072	4	Nairobi, Nairobi Area, Kenya	KE	KE05	18585	-1.28333	36.8167	-2258072	20260920103000	https://www.the-star.co.ke/news/2026-09-20-gachagua-nairobi-sweep-prediction-meets-sifuna-wave
1323940461	20260920	202609	2026	2026.7123	KEN	KENYA	KEN								GOV	GOVERNOR						GOV			0	110	110	11	3	-2.0	2	1	2	0.57803468208092	4	Nairobi, Nairobi Area, Kenya	KE	KE05	18585	-1.28333	36.8167	-2258072	4	Nairobi, Nairobi Area, Kenya	KE	KE05	18585	-1.28333	36.8167	-2258072	4	Nairobi, Nairobi Area, Kenya	KE	KE05	18585	-1.28333	36.8167	-2258072	20260920103000	https://www.the-star.co.ke/news/2026-09-20-gachagua-nairobi-sweep-prediction-meets-sifuna-wave
1323940462	20260920	202609	2026	2026.7123	KEN	KENYA	KEN								HLH	HOSPITAL						HLH			0	043	043	04	1	2.8	4	1	4	-7.82997762863535	4	Busia, Western, Kenya	KE	KE09	18585	0.467084	34.0882	-2242746	4	Busia, Western, Kenya	KE	KE09	18585	0.467084	34.0882	-2242746	4	Busia, Western, Kenya	KE	KE09	18585	0.467084	34.0882	-2242746	20260920103000	https://www.the-star.co.ke/news/2026-09-20-factory-tragedy-as-machine-operator-is-killed-by-metal
1323940463	20260920	202609	2026	2026.7123	KEN	NAIROBI	KEN								HLH	HOSPITAL						HLH			1	043	043	04	1	2.8	2	1	2	-7.82997762863535	4	Nairobi West, Nairobi Area, Kenya	KE	KE05	18585	-1.3	36.8167	-2258082	4	Nairobi West, Nairobi Area, Kenya	KE	KE05	18585	-1.3	36.8167	-2258082	4	Nairobi West, Nairobi Area, Kenya	KE	KE05	18585	-1.3	36.8167	-2258082	20260920103000	https://www.the-star.co.ke/news/2026-09-20-factory-tragedy-as-machine-operator-is-killed-by-metal
1323940464	20260920	202609	2026	2026.7123	KEN	KENYA	KEN								JORELI	HASSAN	JOR					ELI			0	190	190	19	4	-10.0	2	1	2	0.57803468208092	4	Embakasi, Nairobi Area, Kenya	KE	KE05	18585	-1.3	36.9167	-2244234	4	Embakasi, Nairobi Area, Kenya	KE	KE05	18585	-1.3	36.9167	-2244234	4	Embakasi, Nairobi Area, Kenya	KE	KE05	18585	-1.3	36.9167	-2244234	20260920103000	https://www.the-star.co.ke/news/2026-09-20-gachagua-nairobi-sweep-prediction-meets-sifuna-wave
1323940465	20260920	202609	2026	2026.7123	KEN	KENYA	KEN								KENGOV	UHURU KENYATTA	KEN					GOV			0	040	040	04	1	1.0	2	1	2	0.19646365422397	4	Kangema, Central, Kenya	KE	KE01	18585	-0.683333	36.9667	-2248324	4	Kangema, Central, Kenya	KE	KE01	18585	-0.683333	36.9667	-2248324	4	Kangema, Central, Kenya	KE	KE01	18585	-0.683333	36.9667	-2248324	20260920103000	https://www.the-star.co.ke/news/2026-09-20-jitters-as-nyoro-matiangi-political-moves-reshape-mt-kenya-opposition-politics
1323940466	20260920	202609	2026	2026.7123	KEN	NAIROBI	KEN								KENHLH	KENYA	KEN					HLH			1	043	043	04	1	2.8	2	1	2	-7.82997762863535	4	Nairobi West, Nairobi Area, Kenya	KE	KE05	18585	-1.3	36.8167	-2258082	4	Nairobi West, Nairobi Area, Kenya	KE	KE05	18585	-1.3	36.8167	-2258082	4	Nairobi West, Nairobi Area, Kenya	KE	KE05	18585	-1.3	36.8167	-2258082	20260920103000	https://www.the-star.co.ke/news/2026-09-20-factory-tragedy-as-machine-operator-is-killed-by-metal
1323940467	20260920	202609	2026	2026.7123	KEN	KENYA	KEN								KENLEG	KENYA	KEN					LEG			0	046	046	04	1	7.0	2	1	2	0.19646365422397	4	Kiharu, Central, Kenya	KE	KE01	18585	-0.716667	37.15	-2250537	4	Kiambu, Central, Kenya	KE	KE01	18585	-1.16667	36.8333	-2250071	4	Kangema, Central, Kenya	KE	KE01	18585	-0.683333	36.9667	-2248324	20260920103000	https://www.the-star.co.ke/news/2026-09-20-jitters-as-nyoro-matiangi-political-moves-reshape-mt-kenya-opposition-politics
1323940468	20260920	202609	2026	2026.7123	KEN	KENYA	KEN								KENOPP	KENYA	KEN					OPP			0	036	036	03	1	4.0	2	1	2	0.19646365422397	4	Muranga, Central, Kenya	KE	KE01	18585	-0.716667	37.15	-2257236	4	Muranga, Central, Kenya	KE	KE01	18585	-0.716667	37.15	-2257236	4	Muranga, Central, Kenya	KE	KE01	18585	-0.716667	37.15	-2257236	20260920103000	https://www.the-star.co.ke/news/2026-09-20-jitters-as-nyoro-matiangi-political-moves-reshape-mt-kenya-opposition-politics
1323940469	20260920	202609	2026	2026.7123	KEN	KENYA	KEN								KENPTY	KENYA	KEN								0	112	112	11	3	-2.0	2	1	2	0.19646365422397	4	Kangema, Central, Kenya	KE	KE01	18585	-0.683333	36.9667	-2248324	4	Kangema, Central, Kenya	KE	KE01	18585	-0.683333	36.9667	-2248324	4	Kangema, Central, Kenya	KE	KE01	18585	-0.683333	36.9667	-2248324	20260920103000	https://www.the-star.co.ke/news/2026-09-20-jitters-as-nyoro-matiangi-political-moves-reshape-mt-kenya-opposition-politics
1323940470	20260920	202609	2026	2026.7123	KEN	KENYA	KEN								LEG	SENATOR						LEG			0	013	013	01	1	0.4	10	1	10	-2.71546635182999	4	Nairobi, Nairobi Area, Kenya	KE	KE05	18585	-1.28333	36.8167	-2258072	4	Nairobi, Nairobi Area, Kenya	KE	KE05	18585	-1.28333	36.8167	-2258072	4	Nairobi, Nairobi Area, Kenya	KE	KE05	18585	-1.28333	36.8167	-2258072	20260920103000	https://www.the-star.co.ke/news/2026-09-20-us-to-closely-watch-2027-polls-for-stability-us-envoy-nominee-wooster-says
1323940471	20260920	202609	2026	2026.7123	KEN	KENYA	KEN								LEG	LEGISLATOR						LEG			0	020	020	02	1	3.0	1	1	1	0.19646365422397	4	Muranga, Central, Kenya	KE	KE01	18585	-0.716667	37.15	-2257236	4	Muranga, Central, Kenya	KE	KE01	18585	-0.716667	37.15	-2257236	4	Nairobi, Nairobi Area, Kenya	KE	KE05	18585	-1.28333	36.8167	-2258072	20260920103000	https://www.the-star.co.ke/news/2026-09-20-jitters-as-nyoro-matiangi-political-moves-reshape-mt-kenya-opposition-politics
1323940472	20260920	202609	2026	2026.7123	KEN	KENYA	KEN								LEG	LEGISLATOR						LEG			0	020	020	02	1	3.0	1	1	1	0.19646365422397	4	Nairobi, Nairobi Area, Kenya	KE	KE05	18585	-1.28333	36.8167	-2258072	4	Muranga, Central, Kenya	KE	KE01	18585	-0.716667	37.15	-2257236	4	Nairobi, Nairobi Area, Kenya	KE	KE05	18585	-1.28333	36.8167	-2258072	20260920103000	https://www.the-star.co.ke/news/2026-09-20-jitters-as-nyoro-matiangi-political-moves-reshape-mt-kenya-opposition-politics
1323940473	20260920	202609	2026	2026.7123	KEN	KENYA	KEN								LEG	LEGISLATOR						LEG			0	020	020	02	1	3.0	2	1	2	0.19646365422397	4	Nairobi, Nairobi Area, Kenya	KE	KE05	18585	-1.28333	36.8167	-2258072	4	Nairobi, Nairobi Area, Kenya	KE	KE05	18585	-1.28333	36.8167	-2258072	4	Nairobi, Nairobi Area, Kenya	KE	KE05	18585	-1.28333	36.8167	-2258072	20260920103000	https://www.the-star.co.ke/news/2026-09-20-jitters-as-nyoro-matiangi-political-moves-reshape-mt-kenya-opposition-politics
1323940474	20260920	202609	2026	2026.7123	KEN	KENYA	KEN								OPP	THE OPPOSITION						OPP			0	020	020	02	1	3.0	2	1	2	0.19646365422397	4	Kiharu, Central, Kenya	KE	KE01	18585	-0.716667	37.15	-2250537	4	Muranga, Central, Kenya	KE	KE01	18585	-0.716667	37.15	-2257236	4	Muranga, Central, Kenya	KE	KE01	18585	-0.716667	37.15	-2257236	20260920103000	https://www.the-star.co.ke/news/2026-09-20-jitters-as-nyoro-matiangi-political-moves-reshape-mt-kenya-opposition-politics
1323940475	20260920	202609	2026	2026.7123	KEN	KENYA	KEN								OPP	ACTIVIST						OPP			0	036	036	03	1	4.0	3	1	3	0.19646365422397	4	Kiambu, Central, Kenya	KE	KE01	18585	-1.16667	36.8333	-2250071	4	Muranga, Central, Kenya	KE	KE01	18585	-0.716667	37.15	-2257236	4	Kiambu, Central, Kenya	KE	KE01	18585	-1.16667	36.8333	-2250071	20260920103000	https://www.the-star.co.ke/news/2026-09-20-jitters-as-nyoro-matiangi-political-moves-reshape-mt-kenya-opposition-politics
1323940476	20260920	202609	2026	2026.7123	KEN	KENYA	KEN								OPP	ACTIVIST						OPP			0	036	036	03	1	4.0	1	1	1	0.19646365422397	4	Muranga, Central, Kenya	KE	KE01	18585	-0.716667	37.15	-2257236	4	Muranga, Central, Kenya	KE	KE01	18585	-0.716667	37.15	-2257236	4	Kiambu, Central, Kenya	KE	KE01	18585	-1.16667	36.8333	-2250071	20260920103000	https://www.the-star.co.ke/news/2026-09-20-jitters-as-nyoro-matiangi-political-moves-reshape-mt-kenya-opposition-politics
1323940477	20260920	202609	2026	2026.7123	KEN	KENYA	KEN								OPP	THE OPPOSITION						OPP			0	100	100	10	3	-5.0	2	1	2	-5.60975609756097	4	Nyandarua, Central, Kenya	KE	KE01	18585	-0.627651	36.7083	-2246318	4	Nyandarua, Central, Kenya	KE	KE01	18585	-0.627651	36.7083	-2246318	4	Nyandarua, Central, Kenya	KE	KE01	18585	-0.627651	36.7083	-2246318	20260920103000	https://www.the-star.co.ke/news/2026-09-20-gachagua-njeri-maina-lift-lid-on-alleged-state-attempts-to-spy-on-infiltrate-opposition
1323940478	20260920	202609	2026	2026.7123	KEN	KENYA	KEN								SDN	SUDAN	SDN								0	010	010	01	1	0.0	1	1	1	-2.71546635182999	4	Nairobi, Nairobi Area, Kenya	KE	KE05	18585	-1.28333	36.8167	-2258072	1	Haiti	HA	HA		19	-72.416667	HA	3	Washington, District of Columbia, United States	US	USDC	DC001	38.8951	-77.0364	531871	20260920103000	https://www.the-star.co.ke/news/2026-09-20-us-to-closely-watch-2027-polls-for-stability-us-envoy-nominee-wooster-says
1323940479	20260920	202609	2026	2026.7123	KEN	KENYA	KEN								SDN	SUDAN	SDN								0	010	010	01	1	0.0	1	1	1	-2.71546635182999	4	Nairobi, Nairobi Area, Kenya	KE	KE05	18585	-1.28333	36.8167	-2258072	1	Sudan	SU	SU		16	30	SU	1	China	CH	CH		35	105	CH	20260920103000	https://www.the-star.co.ke/news/2026-09-20-us-to-closely-watch-2027-polls-for-stability-us-envoy-nominee-wooster-says
1323940480	20260920	202609	2026	2026.7123	KEN	KENYA	KEN								SDN	SUDAN	SDN								0	051	051	05	1	3.4	1	1	1	-2.71546635182999	4	Nairobi, Nairobi Area, Kenya	KE	KE05	18585	-1.28333	36.8167	-2258072	1	Haiti	HA	HA		19	-72.416667	HA	3	Washington, District of Columbia, United States	US	USDC	DC001	38.8951	-77.0364	531871	20260920103000	https://www.the-star.co.ke/news/2026-09-20-us-to-closely-watch-2027-polls-for-stability-us-envoy-nominee-wooster-says
1323940481	20260920	202609	2026	2026.7123	KEN	KENYA	KEN								SDN	SUDAN	SDN								0	051	051	05	1	3.4	1	1	1	-2.71546635182999	4	Nairobi, Nairobi Area, Kenya	KE	KE05	18585	-1.28333	36.8167	-2258072	1	Sudan	SU	SU		16	30	SU	1	Sudan	SU	SU		16	30	SU	20260920103000	https://www.the-star.co.ke/news/2026-09-20-us-to-closely-watch-2027-polls-for-stability-us-envoy-nominee-wooster-says
1323940482	20260920	202609	2026	2026.7123	KENELI	KENYA	KEN					ELI													0	010	010	01	1	0.0	2	1	2	0.19646365422397	4	Muranga, Central, Kenya	KE	KE01	18585	-0.716667	37.15	-2257236	0								4	Kangema, Central, Kenya	KE	KE01	18585	-0.683333	36.9667	-2248324	20260920103000	https://www.the-star.co.ke/news/2026-09-20-jitters-as-nyoro-matiangi-political-moves-reshape-mt-kenya-opposition-politics
1323940483	20260920	202609	2026	2026.7123	KENGOV	KENYA	KEN					GOV			KEN	NAIROBI	KEN								1	110	110	11	3	-2.0	4	1	4	0.57803468208092	4	Nairobi, Nairobi Area, Kenya	KE	KE05	18585	-1.28333	36.8167	-2258072	4	Nairobi, Nairobi Area, Kenya	KE	KE05	18585	-1.28333	36.8167	-2258072	4	Nairobi, Nairobi Area, Kenya	KE	KE05	18585	-1.28333	36.8167	-2258072	20260920103000	https://www.the-star.co.ke/news/2026-09-20-gachagua-nairobi-sweep-prediction-meets-sifuna-wave
1323940484	20260920	202609	2026	2026.7123	KENHLH	KENYA	KEN					HLH													1	043	043	04	1	2.8	4	1	4	-7.82997762863535	4	Nairobi West, Nairobi Area, Kenya	KE	KE05	18585	-1.3	36.8167	-2258082	0								4	Nairobi West, Nairobi Area, Kenya	KE	KE05	18585	-1.3	36.8167	-2258082	20260920103000	https://www.the-star.co.ke/news/2026-09-20-factory-tragedy-as-machine-operator-is-killed-by-metal
1323940485	20260920	202609	2026	2026.7123	KENHLH	KENYA	KEN					HLH			KEN	NAIROBI	KEN								1	042	042	04	1	1.9	2	1	2	-7.82997762863535	4	Nairobi West, Nairobi Area, Kenya	KE	KE05	18585	-1.3	36.8167	-2258082	4	Nairobi West, Nairobi Area, Kenya	KE	KE05	18585	-1.3	36.8167	-2258082	4	Nairobi West, Nairobi Area, Kenya	KE	KE05	18585	-1.3	36.8167	-2258082	20260920103000	https://www.the-star.co.ke/news/2026-09-20-factory-tragedy-as-machine-operator-is-killed-by-metal
1323940486	20260920	202609	2026	2026.7123	KENLEG	KENYA	KEN					LEG			KEN	KENYA	KEN								0	010	010	01	1	0.0	1	1	1	0.19646365422397	4	Kiambu, Central, Kenya	KE	KE01	18585	-1.16667	36.8333	-2250071	4	Kangema, Central, Kenya	KE	KE01	18585	-0.683333	36.9667	-2248324	4	Kangema, Central, Kenya	KE	KE01	18585	-0.683333	36.9667	-2248324	20260920103000	https://www.the-star.co.ke/news/2026-09-20-jitters-as-nyoro-matiangi-political-moves-reshape-mt-kenya-opposition-politics
1323940487	20260920	202609	2026	2026.7123	KENLEG	KENYA	KEN					LEG			KEN	KENYA	KEN								0	046	046	04	1	7.0	2	1	2	0.19646365422397	4	Kiambu, Central, Kenya	KE	KE01	18585	-1.16667	36.8333	-2250071	4	Kiharu, Central, Kenya	KE	KE01	18585	-0.716667	37.15	-2250537	4	Kangema, Central, Kenya	KE	KE01	18585	-0.683333	36.9667	-2248324	20260920103000	https://www.the-star.co.ke/news/2026-09-20-jitters-as-nyoro-matiangi-political-moves-reshape-mt-kenya-opposition-politics
1323940488	20260920	202609	2026	2026.7123	KENMED	KENYA	KEN					MED			OPP	THE OPPOSITION						OPP			0	020	020	02	1	3.0	2	1	2	0.19646365422397	4	Karua, Central, Kenya	KE	KE01	18585	-0.8	37.1833	-2249099	4	Muranga, Central, Kenya	KE	KE01	18585	-0.716667	37.15	-2257236	4	Muranga, Central, Kenya	KE	KE01	18585	-0.716667	37.15	-2257236	20260920103000	https://www.the-star.co.ke/news/2026-09-20-jitters-as-nyoro-matiangi-political-moves-reshape-mt-kenya-opposition-politics
1323940489	20260920	202609	2026	2026.7123	KENOPP	KENYA	KEN					OPP			KEN	KENYA	KEN								0	036	036	03	1	4.0	1	1	1	0.19646365422397	4	Muranga, Central, Kenya	KE	KE01	18585	-0.716667	37.15	-2257236	4	Kiharu, Central, Kenya	KE	KE01	18585	-0.716667	37.15	-2250537	4	Kiharu, Central, Kenya	KE	KE01	18585	-0.716667	37.15	-2250537	20260920103000	https://www.the-star.co.ke/news/2026-09-20-jitters-as-nyoro-matiangi-political-moves-reshape-mt-kenya-opposition-politics
1323940490	20260920	202609	2026	2026.7123	KENOPP	KENYA	KEN					OPP			KEN	KENYA	KEN								0	036	036	03	1	4.0	1	1	1	0.19646365422397	4	Muranga, Central, Kenya	KE	KE01	18585	-0.716667	37.15	-2257236	4	Muranga, Central, Kenya	KE	KE01	18585	-0.716667	37.15	-2257236	4	Kiharu, Central, Kenya	KE	KE01	18585	-0.716667	37.15	-2250537	20260920103000	https://www.the-star.co.ke/news/2026-09-20-jitters-as-nyoro-matiangi-political-moves-reshape-mt-kenya-opposition-politics
1323940491	20260920	202609	2026	2026.7123	KOR	SOUTH KOREA	KOR								JPN	JAPAN	JPN								1	194	194	19	4	-10.0	8	1	4	-2.82485875706215	4	Wonsan, Cholla-namdo, South Korea	KS	KS16	24974	34.8506	127.408	10076233	1	Japan	JA	JA		36	138	JA	4	Wonsan, Cholla-namdo, South Korea	KS	KS16	24974	34.8506	127.408	10076233	20260920103000	https://www.ibtimes.com/north-korea-fires-two-suspected-ballistic-missiles-towards-sea-japan-3807656
1323940492	20260920	202609	2026	2026.7123	KORGOVMIL	SOUTH KOREA	KOR					GOV	MIL												1	111	111	11	3	-2.0	10	1	10	-3.4313725490196	4	Wonsan, Cholla-namdo, South Korea	KS	KS16	24974	34.8506	127.408	10076233	0								4	Wonsan, Cholla-namdo, South Korea	KS	KS16	24974	34.8506	127.408	10076233	20260920103000	https://asia.nikkei.com/spotlight/north-korea-tensions/north-korea-fires-two-missiles-off-east-coast-in-three-hours
1323940493	20260920	202609	2026	2026.7123	KORMIL	SOUTH KOREA	KOR					MIL													1	042	042	04	1	1.9	2	1	2	-2.11480362537765	4	Seoul, Soul-t'ukpyolsi, South Korea	KS	KS11	24984	37.5664	127	-716583	0								4	Ulchi, Khabarovskiy Kray, Russia	RS	RS30	25057	51.03	138.38	-3024719	20260920103000	https://www.newsday.com/news/nation/north-south-korea-launch-h94486
1323940494	20260920	202609	2026	2026.7123	KWT	KUWAIT	KWT								SAU	RIYADH	SAU								0	112	112	11	3	-2.0	2	1	2	-8.98058252427184	4	Riyadh, Ar Riya?, Saudi Arabia	SA	SA10	25316	24.6408	46.7728	-3093009	1	Egypt	EG	EG		27	30	EG	4	Riyadh, Ar Riya?, Saudi Arabia	SA	SA10	25316	24.6408	46.7728	-3093009	20260920103000	https://www.newsday.com/news/nation/mideast-news-roundup-september-20-2026-b83840
1323940495	20260920	202609	2026	2026.7123	KWT	KUWAIT	KWT								SAU	RIYADH	SAU								0	112	112	11	3	-2.0	4	2	4	-10.3260869565218	1	Egypt	EG	EG		27	30	EG	1	Kuwait	KU	KU		29.5	47.75	KU	1	Jordan	JO	JO		31	36	JO	20260920103000	https://www.wboc.com/news/international/israeli-man-critically-wounded-in-west-bank-shooting-and-other-mideast-developments/article_7758e109-8da0-5c1e-b1ec-1f1bcdb9bb9d.html
1323940496	20260920	202609	2026	2026.7123	LEG	SENATOR						LEG													0	010	010	01	1	0.0	1	1	1	0.19646365422397	4	Muranga, Central, Kenya	KE	KE01	18585	-0.716667	37.15	-2257236	0								4	Kangema, Central, Kenya	KE	KE01	18585	-0.683333	36.9667	-2248324	20260920103000	https://www.the-star.co.ke/news/2026-09-20-jitters-as-nyoro-matiangi-political-moves-reshape-mt-kenya-opposition-politics
1323940497	20260920	202609	2026	2026.7123	LEG	DELEGATE						LEG													1	017	017	01	1	0.0	8	1	8	6.37450199203187	4	Louth, Louth, Ireland	EI	EI19	18297	53.9486	-6.54139	-1504338	0								4	Louth, Louth, Ireland	EI	EI19	18297	53.9486	-6.54139	-1504338	20260920103000	https://www.rte.ie/news/regional/2026/0919/1592207-louth-sligo-community/
1323940498	20260920	202609	2026	2026.7123	LEG	DELEGATE						LEG													1	017	017	01	1	0.0	2	1	2	6.37450199203187	1	Czech Republic	EZ	EZ		49.75	15	EZ	0								1	Czech Republic	EZ	EZ		49.75	15	EZ	20260920103000	https://www.rte.ie/news/regional/2026/0919/1592207-louth-sligo-community/
1323940499	20260920	202609	2026	2026.7123	LEG	LEGISLATOR						LEG													0	020	020	02	1	3.0	6	1	6	0.19646365422397	4	Nairobi, Nairobi Area, Kenya	KE	KE05	18585	-1.28333	36.8167	-2258072	0								4	Nairobi, Nairobi Area, Kenya	KE	KE05	18585	-1.28333	36.8167	-2258072	20260920103000	https://www.the-star.co.ke/news/2026-09-20-jitters-as-nyoro-matiangi-political-moves-reshape-mt-kenya-opposition-politics
1323940500	20260920	202609	2026	2026.7123	LEG	DELEGATE						LEG													1	042	042	04	1	1.9	10	1	10	6.37450199203187	4	Carlow, Carlow, Ireland	EI	EI01	18292	52.8408	-6.92611	-1501356	0								4	Carlow, Carlow, Ireland	EI	EI01	18292	52.8408	-6.92611	-1501356	20260920103000	https://www.rte.ie/news/regional/2026/0919/1592207-louth-sligo-community/
1323940501	20260920	202609	2026	2026.7123	LEG	SENATE						LEG													1	050	050	05	1	3.5	5	1	5	0.57803468208092	4	Nairobi, Nairobi Area, Kenya	KE	KE05	18585	-1.28333	36.8167	-2258072	0								4	Nairobi, Nairobi Area, Kenya	KE	KE05	18585	-1.28333	36.8167	-2258072	20260920103000	https://www.the-star.co.ke/news/2026-09-20-gachagua-nairobi-sweep-prediction-meets-sifuna-wave
1323940502	20260920	202609	2026	2026.7123	LEG	CONGRESS						LEG													1	120	120	12	3	-4.0	3	1	3	-0.25706940874036	4	Hausa, Lagos, Nigeria	NI	NI05	191291	6.60961	3.35658	-2010259	0								4	Hausa, Lagos, Nigeria	NI	NI05	191291	6.60961	3.35658	-2010259	20260920103000	https://www.vanguardngr.com/2026/09/i-didnt-abandon-gov-yusuf-i-still-like-him-kwankwaso/
1323940503	20260920	202609	2026	2026.7123	LEG	CONGRESS						LEG													1	120	120	12	3	-4.0	2	1	2	-0.25706940874036	5	Kano State, Kano, Nigeria	NI	NI29	191066	11.5	8.5	-2014618	0								5	Kano State, Kano, Nigeria	NI	NI29	191066	11.5	8.5	-2014618	20260920103000	https://www.vanguardngr.com/2026/09/i-didnt-abandon-gov-yusuf-i-still-like-him-kwankwaso/
1323940504	20260920	202609	2026	2026.7123	LEG	PARLIAMENT						LEG			IND	BIHAR	IND								1	051	051	05	1	3.4	2	1	2	0.9895227008149	4	Bihar, Bihar, India	IN	IN34	17615	25.1833	85.5167	-2091797	4	Bihar, Bihar, India	IN	IN34	17615	25.1833	85.5167	-2091797	4	Bihar, Bihar, India	IN	IN34	17615	25.1833	85.5167	-2091797	20260920103000	https://timesofindia.indiatimes.com/india/amit-shah-wants-ucc-in-all-nda-states-by-2029-what-will-jdu-do-in-bihar/articleshow/134366097.cms
1323940505	20260920	202609	2026	2026.7123	LEG	PARLIAMENT						LEG			IND	BIHAR	IND								1	110	110	11	3	-2.0	2	1	2	0.9895227008149	4	Bihar, Bihar, India	IN	IN34	17615	25.1833	85.5167	-2091797	4	Bihar, Bihar, India	IN	IN34	17615	25.1833	85.5167	-2091797	4	Bihar, Bihar, India	IN	IN34	17615	25.1833	85.5167	-2091797	20260920103000	https://timesofindia.indiatimes.com/india/amit-shah-wants-ucc-in-all-nda-states-by-2029-what-will-jdu-do-in-bihar/articleshow/134366097.cms
1323940506	20260920	202609	2026	2026.7123	LEG	HOUSE OF ASSEMBLY						LEG			NGA	NIGERIA	NGA								1	042	042	04	1	1.9	5	1	5	5.03875968992248	4	Kano, Kano, Nigeria	NI	NI29	191030	11.9964	8.51667	-2014610	4	Dawakin Kudu, Kano, Nigeria	NI	NI29	191049	11.8351	8.59756	-2004730	4	Dawakin Kudu, Kano, Nigeria	NI	NI29	191049	11.8351	8.59756	-2004730	20260920103000	https://punchng.com/apc-wins-kano-assembly-seat-in-by-election/
1323940507	20260920	202609	2026	2026.7123	LEG	HOUSE OF ASSEMBLY						LEG			NGA	KANO	NGA								1	042	042	04	1	1.9	2	1	2	5.03875968992248	4	Kano, Kano, Nigeria	NI	NI29	191030	11.9964	8.51667	-2014610	4	Kano, Kano, Nigeria	NI	NI29	191030	11.9964	8.51667	-2014610	4	Dawakin Kudu, Kano, Nigeria	NI	NI29	191049	11.8351	8.59756	-2004730	20260920103000	https://punchng.com/apc-wins-kano-assembly-seat-in-by-election/
1323940508	20260920	202609	2026	2026.7123	LEG	HOUSE OF ASSEMBLY						LEG			NGA	NIGERIA	NGA								1	042	042	04	1	1.9	1	1	1	5.03875968992248	4	Kano, Kano, Nigeria	NI	NI29	191030	11.9964	8.51667	-2014610	4	Kano, Kano, Nigeria	NI	NI29	191030	11.9964	8.51667	-2014610	4	Kano, Kano, Nigeria	NI	NI29	191030	11.9964	8.51667	-2014610	20260920103000	https://punchng.com/apc-wins-kano-assembly-seat-in-by-election/
1323940509	20260920	202609	2026	2026.7123	MED	MEDIA						MED													0	010	010	01	1	0.0	2	1	2	0.57803468208092	4	Nairobi, Nairobi Area, Kenya	KE	KE05	18585	-1.28333	36.8167	-2258072	0								4	Nairobi, Nairobi Area, Kenya	KE	KE05	18585	-1.28333	36.8167	-2258072	20260920103000	https://www.the-star.co.ke/news/2026-09-20-gachagua-nairobi-sweep-prediction-meets-sifuna-wave
1323940510	20260920	202609	2026	2026.7123	MED	MEDIA						MED													0	010	010	01	1	0.0	2	1	2	0.57803468208092	1	Myanmar	BM	BM		22	98	BM	0								4	Nairobi, Nairobi Area, Kenya	KE	KE05	18585	-1.28333	36.8167	-2258072	20260920103000	https://www.the-star.co.ke/news/2026-09-20-gachagua-nairobi-sweep-prediction-meets-sifuna-wave
1323940511	20260920	202609	2026	2026.7123	MED	MEDIA						MED													0	010	010	01	1	0.0	6	1	6	0.57803468208092	1	Myanmar	BM	BM		22	98	BM	0								1	Myanmar	BM	BM		22	98	BM	20260920103000	https://www.the-star.co.ke/news/2026-09-20-gachagua-nairobi-sweep-prediction-meets-sifuna-wave
1323940512	20260920	202609	2026	2026.7123	MED	PUBLISHER						MED			BUS	MERCHANT						BUS			0	060	060	06	2	6.0	10	1	10	2.15827338129497	1	United States	US	US		39.828175	-98.5795	US	1	United States	US	US		39.828175	-98.5795	US	1	United States	US	US		39.828175	-98.5795	US	20260920103000	https://www.dailypolitical.com/2026/09/20/sylvamo-corporation-nyseslvm-receives-46-67-consensus-price-target-from-analysts.html
1323940513	20260920	202609	2026	2026.7123	MED	WRITER						MED			ITA	ROME	ITA								0	043	043	04	1	2.8	5	1	5	-3.62438220757825	4	Roma, Lazio, Italy	IT	IT07	18350	41.9	12.4833	-126693	4	Rome, Lazio, Italy	IT	IT07	18350	41.9	12.4833	-126693	4	Rome, Lazio, Italy	IT	IT07	18350	41.9	12.4833	-126693	20260920103000	https://www.thelocal.it/20260920/on-the-agenda-whats-happening-in-italy-this-week-189
1323940514	20260920	202609	2026	2026.7123	MED	COMMENTATOR						MED			OPP	THE OPPOSITION						OPP			0	020	020	02	1	3.0	6	1	6	0.19646365422397	4	Karua, Central, Kenya	KE	KE01	18585	-0.8	37.1833	-2249099	4	Karua, Central, Kenya	KE	KE01	18585	-0.8	37.1833	-2249099	4	Karua, Central, Kenya	KE	KE01	18585	-0.8	37.1833	-2249099	20260920103000	https://www.the-star.co.ke/news/2026-09-20-jitters-as-nyoro-matiangi-political-moves-reshape-mt-kenya-opposition-politics
1323940515	20260920	202609	2026	2026.7123	MED	COMMENTATOR						MED			OPP	THE OPPOSITION						OPP			0	020	020	02	1	3.0	2	1	2	0.19646365422397	4	Karua, Central, Kenya	KE	KE01	18585	-0.8	37.1833	-2249099	4	Muranga, Central, Kenya	KE	KE01	18585	-0.716667	37.15	-2257236	4	Muranga, Central, Kenya	KE	KE01	18585	-0.716667	37.15	-2257236	20260920103000	https://www.the-star.co.ke/news/2026-09-20-jitters-as-nyoro-matiangi-political-moves-reshape-mt-kenya-opposition-politics
1323940516	20260920	202609	2026	2026.7123	MED	TELEVISION						MED			USA	AMERICAN	USA								1	020	020	02	1	3.0	8	1	8	3.33333333333333	1	United States	US	US		39.828175	-98.5795	US	1	United States	US	US		39.828175	-98.5795	US	1	United States	US	US		39.828175	-98.5795	US	20260920103000	https://woc1420.iheart.com/featured/the-sean-hannity-show/
1323940517	20260920	202609	2026	2026.7123	MIL	ADMIRAL						MIL													1	051	051	05	1	3.4	3	1	3	-1.45772594752186	4	Islamabad, Islamabad, Pakistan	PK	PK08	23674	33.7	73.1667	-2762812	0								4	Kolkata, West Bengal, India	IN	IN28	70294	22.5697	88.3697	-2092511	20260920103000	https://tribune.com.pk/story/2630348/navy-chief-visits-units-at-sea-creeks-area-to-review-seaspark-2026
1323940518	20260920	202609	2026	2026.7123	MIL	ADMIRAL						MIL													1	051	051	05	1	3.4	1	1	1	-1.45772594752186	4	Islamabad, Islamabad, Pakistan	PK	PK08	23674	33.7	73.1667	-2762812	0								4	Islamabad, Islamabad, Pakistan	PK	PK08	23674	33.7	73.1667	-2762812	20260920103000	https://tribune.com.pk/story/2630348/navy-chief-visits-units-at-sea-creeks-area-to-review-seaspark-2026
1323940519	20260920	202609	2026	2026.7123	MIL	AIR FORCE						MIL													0	062	062	06	2	7.4	10	2	10	-1.01787101787102	1	India	IN	IN		20	77	IN	0								1	India	IN	IN		20	77	IN	20260920103000	https://ianslive.in/india-japan-air-force-chiefs-fly-tejas-during-veer-guardian-2026-exercise--20260920151010
1323940520	20260920	202609	2026	2026.7123	MIL	MILITARY						MIL													0	110	110	11	3	-2.0	10	1	10	-5.28360528360528	4	Beijing, Beijing, China	CH	CH22	13001	39.9289	116.388	-1898541	0								4	Beijing, Beijing, China	CH	CH22	13001	39.9289	116.388	-1898541	20260920103000	https://www.theepochtimes.com/china/us-urged-to-prepare-for-sudden-collapse-of-communist-regime-in-china-6091013
1323940521	20260920	202609	2026	2026.7123	MIL	AIR FORCE						MIL													0	190	190	19	4	-10.0	20	2	20	-1.01787101787102	1	India	IN	IN		20	77	IN	0								1	India	IN	IN		20	77	IN	20260920103000	https://ianslive.in/india-japan-air-force-chiefs-fly-tejas-during-veer-guardian-2026-exercise--20260920151010
1323940522	20260920	202609	2026	2026.7123	MIL	AIR FORCE						MIL													1	190	190	19	4	-10.0	20	2	20	-1.01787101787102	1	Japan	JA	JA		36	138	JA	0								1	Japan	JA	JA		36	138	JA	20260920103000	https://ianslive.in/india-japan-air-force-chiefs-fly-tejas-during-veer-guardian-2026-exercise--20260920151010
1323940523	20260920	202609	2026	2026.7123	MIL	MILITARY						MIL			GOV	AUTHORITIES						GOV			0	154	154	15	4	-7.2	5	1	5	-5.28360528360528	4	Beijing, Beijing, China	CH	CH22	13001	39.9289	116.388	-1898541	4	Beijing, Beijing, China	CH	CH22	13001	39.9289	116.388	-1898541	4	Beijing, Beijing, China	CH	CH22	13001	39.9289	116.388	-1898541	20260920103000	https://www.theepochtimes.com/china/us-urged-to-prepare-for-sudden-collapse-of-communist-regime-in-china-6091013
1323940524	20260920	202609	2026	2026.7123	MIL	AIR FORCE						MIL			IND	JODHPUR	IND								0	051	051	05	1	3.4	3	1	3	3.42979635584137	4	New Delhi, Delhi, India	IN	IN07	17911	28.6	77.2	-2106102	1	Japan	JA	JA		36	138	JA	1	Japan	JA	JA		36	138	JA	20260920103000	https://timesofindia.indiatimes.com/defence/news/india-japan-defence-ties-take-flight-as-air-chiefs-fly-tejas-together-during-veer-guardian-2026/articleshow/134365952.cms
1323940525	20260920	202609	2026	2026.7123	MIL	AIR FORCE						MIL			JPN	JAPANESE	JPN								0	051	051	05	1	3.4	3	1	3	3.42979635584137	4	New Delhi, Delhi, India	IN	IN07	17911	28.6	77.2	-2106102	1	Japan	JA	JA		36	138	JA	1	Japan	JA	JA		36	138	JA	20260920103000	https://timesofindia.indiatimes.com/defence/news/india-japan-defence-ties-take-flight-as-air-chiefs-fly-tejas-together-during-veer-guardian-2026/articleshow/134365952.cms
1323940526	20260920	202609	2026	2026.7123	MIL	WAR MACHINE						MIL			MED	MEDIA						MED			1	180	180	18	4	-9.0	10	1	10	-4.49438202247191	4	Moscow, Moskva, Russia	RS	RS48	25106	55.7522	37.6156	-2960561	4	Moscow, Moskva, Russia	RS	RS48	25106	55.7522	37.6156	-2960561	4	Moscow, Moskva, Russia	RS	RS48	25106	55.7522	37.6156	-2960561	20260920103000	https://www.naharnet.com:443/stories/en/322595-mass-drone-barrage-on-moscow-kills-two
1323940527	20260920	202609	2026	2026.7123	MIL	WAR MACHINE						MIL			MED	MEDIA						MED			1	190	190	19	4	-10.0	10	1	10	-4.49438202247191	4	Moscow, Moskva, Russia	RS	RS48	25106	55.7522	37.6156	-2960561	4	Moscow, Moskva, Russia	RS	RS48	25106	55.7522	37.6156	-2960561	4	Moscow, Moskva, Russia	RS	RS48	25106	55.7522	37.6156	-2960561	20260920103000	https://www.naharnet.com:443/stories/en/322595-mass-drone-barrage-on-moscow-kills-two
1323940528	20260920	202609	2026	2026.7123	MIL	ADMIRAL						MIL			PAK	PAKISTAN	PAK								1	043	043	04	1	2.8	1	1	1	-1.45772594752186	4	Islamabad, Islamabad, Pakistan	PK	PK08	23674	33.7	73.1667	-2762812	4	Islamabad, Islamabad, Pakistan	PK	PK08	23674	33.7	73.1667	-2762812	4	Islamabad, Islamabad, Pakistan	PK	PK08	23674	33.7	73.1667	-2762812	20260920103000	https://tribune.com.pk/story/2630348/navy-chief-visits-units-at-sea-creeks-area-to-review-seaspark-2026
1323940529	20260920	202609	2026	2026.7123	MIL	FIGHTER JET						MIL			UAF	FIGHTER						UAF			0	154	154	15	4	-7.2	10	1	10	3.42979635584137	1	Japan	JA	JA		36	138	JA	1	Japan	JA	JA		36	138	JA	1	Japan	JA	JA		36	138	JA	20260920103000	https://timesofindia.indiatimes.com/defence/news/india-japan-defence-ties-take-flight-as-air-chiefs-fly-tejas-together-during-veer-guardian-2026/articleshow/134365952.cms
1323940530	20260920	202609	2026	2026.7123	MILLEG	MILITARY						MIL	LEG		CHN	BEIJING	CHN								0	042	042	04	1	1.9	8	1	8	-5.28360528360528	4	Beijing, Beijing, China	CH	CH22	13001	39.9289	116.388	-1898541	4	Beijing, Beijing, China	CH	CH22	13001	39.9289	116.388	-1898541	4	Beijing, Beijing, China	CH	CH22	13001	39.9289	116.388	-1898541	20260920103000	https://www.theepochtimes.com/china/us-urged-to-prepare-for-sudden-collapse-of-communist-regime-in-china-6091013
1323940531	20260920	202609	2026	2026.7123	MILLEG	MILITARY						MIL	LEG		CHN	BEIJING	CHN								0	042	042	04	1	1.9	2	1	2	-5.28360528360528	4	Toronto, Ontario, Canada	CA	CA08	12686	43.6667	-79.4167	-574890	4	Beijing, Beijing, China	CH	CH22	13001	39.9289	116.388	-1898541	4	Toronto, Ontario, Canada	CA	CA08	12686	43.6667	-79.4167	-574890	20260920103000	https://www.theepochtimes.com/china/us-urged-to-prepare-for-sudden-collapse-of-communist-regime-in-china-6091013
1323940532	20260920	202609	2026	2026.7123	MNCCAN	ROYAL BANK OF CANADA	CAN					MNC													1	010	010	01	1	0.0	10	1	10	2.29885057471265	1	Canada	CA	CA		60	-96	CA	0								1	Canada	CA	CA		60	-96	CA	20260920103000	https://www.dailypolitical.com/2026/09/20/bunzl-plc-otcmktsbzlfy-receives-average-recommendation-of-hold-from-brokerages.html
1323940533	20260920	202609	2026	2026.7123	MNCUSA	ADVANCE AUTO PARTS	USA					MNC													0	010	010	01	1	0.0	10	1	10	1.23304562268804	4	Blackrock, Nova Scotia, Canada	CA	CA07	12626	45.3167	-60.95	-561321	0								4	Blackrock, Nova Scotia, Canada	CA	CA07	12626	45.3167	-60.95	-561321	20260920103000	https://www.dailypolitical.com/2026/09/20/advance-auto-parts-inc-nyseaap-given-consensus-recommendation-of-hold-by-brokerages.html
1323940534	20260920	202609	2026	2026.7123	MNCUSA	CITIGROUP	USA					MNC													1	010	010	01	1	0.0	10	1	10	2.29885057471265	1	Canada	CA	CA		60	-96	CA	0								1	Canada	CA	CA		60	-96	CA	20260920103000	https://www.dailypolitical.com/2026/09/20/bunzl-plc-otcmktsbzlfy-receives-average-recommendation-of-hold-from-brokerages.html
1323940535	20260920	202609	2026	2026.7123	MNG	MONGOL	MNG								CRM	OUTLAW						CRM			1	026	026	02	1	4.0	10	1	10	-7.60233918128655	0								0								0								20260920103000	https://kesq.com/news/2026/09/20/cathedral-city-police-increase-enforcement-during-mongols-meeting/
1323940536	20260920	202609	2026	2026.7123	MNG	MONGOL	MNG								CRM	OUTLAW						CRM			1	040	040	04	1	1.0	10	1	10	-7.60233918128655	0								0								0								20260920103000	https://kesq.com/news/2026/09/20/cathedral-city-police-increase-enforcement-during-mongols-meeting/
1323940537	20260920	202609	2026	2026.7123	MNG	MONGOL	MNG								CRM	OUTLAW						CRM			1	046	046	04	1	7.0	10	1	10	-7.60233918128655	0								0								0								20260920103000	https://kesq.com/news/2026/09/20/cathedral-city-police-increase-enforcement-during-mongols-meeting/
1323940538	20260920	202609	2026	2026.7123	MOS	MUSLIM				MOS					SAU	RIYADH	SAU								0	018	018	01	1	3.4	10	1	10	-8.98058252427184	4	Riyadh, Ar Riya?, Saudi Arabia	SA	SA10	25316	24.6408	46.7728	-3093009	4	Riyadh, Ar Riya?, Saudi Arabia	SA	SA10	25316	24.6408	46.7728	-3093009	4	Riyadh, Ar Riya?, Saudi Arabia	SA	SA10	25316	24.6408	46.7728	-3093009	20260920103000	https://www.newsday.com/news/nation/mideast-news-roundup-september-20-2026-b83840
1323940539	20260920	202609	2026	2026.7123	NGA	NIGERIA	NGA																		1	012	012	01	1	-0.4	2	1	2	-7.00934579439253	4	Enugu, Enugu, Nigeria	NI	NI47	191302	6.4402	7.4943	-2006530	0								4	Enugu, Enugu, Nigeria	NI	NI47	191302	6.4402	7.4943	-2006530	20260920103000	https://punchng.com/fg-warns-of-high-flood-in-15-states-in-seven-days/
1323940540	20260920	202609	2026	2026.7123	NGA	NIGERIA	NGA																		0	015	015	01	1	0.0	4	1	4	-6.2780269058296	4	Calabar, Cross River, Nigeria	NI	NI22	191378	4.9517	8.322	-2003575	0								4	Calabar, Cross River, Nigeria	NI	NI22	191378	4.9517	8.322	-2003575	20260920103000	https://www.vanguardngr.com/2026/09/jehovahs-witnesses-blood-transfusion-policy-still-confusing-and-deadly-humanist-group-says/
1323940541	20260920	202609	2026	2026.7123	NGA	NIGERIA	NGA																		1	043	043	04	1	2.8	1	1	1	5.03875968992248	4	Kano, Kano, Nigeria	NI	NI29	191030	11.9964	8.51667	-2014610	0								4	Dawakin Kudu, Kano, Nigeria	NI	NI29	191049	11.8351	8.59756	-2004730	20260920103000	https://punchng.com/apc-wins-kano-assembly-seat-in-by-election/
1323940542	20260920	202609	2026	2026.7123	NGA	NIGERIA	NGA																		1	043	043	04	1	2.8	1	1	1	5.03875968992248	4	Kano, Kano, Nigeria	NI	NI29	191030	11.9964	8.51667	-2014610	0								4	Kano, Kano, Nigeria	NI	NI29	191030	11.9964	8.51667	-2014610	20260920103000	https://punchng.com/apc-wins-kano-assembly-seat-in-by-election/
1323940543	20260920	202609	2026	2026.7123	NGA	NIGERIA	NGA																		1	056	056	05	1	7.0	2	1	2	-0.25706940874036	5	Kano State, Kano, Nigeria	NI	NI29	191066	11.5	8.5	-2014618	0								5	Kano State, Kano, Nigeria	NI	NI29	191066	11.5	8.5	-2014618	20260920103000	https://www.vanguardngr.com/2026/09/i-didnt-abandon-gov-yusuf-i-still-like-him-kwankwaso/
1323940544	20260920	202609	2026	2026.7123	NGA	NIGERIA	NGA								CVL	RESIDENTS						CVL			1	020	020	02	1	3.0	10	1	10	-7.00934579439253	4	Obubra, Cross River, Nigeria	NI	NI22	22721	6.07525	8.32904	-2021665	4	Obubra, Cross River, Nigeria	NI	NI22	22721	6.07525	8.32904	-2021665	4	Obubra, Cross River, Nigeria	NI	NI22	22721	6.07525	8.32904	-2021665	20260920103000	https://punchng.com/fg-warns-of-high-flood-in-15-states-in-seven-days/
1323940545	20260920	202609	2026	2026.7123	NGA	NIGERIAN	NGA								JUD	HIGH COURT						JUD			1	051	051	05	1	3.4	10	1	10	0.19900497512437	4	Abuja, Abuja Federal Capital Territory, Nigeria	NI	NI11	191147	9.08333	7.53333	-1997013	4	Abuja, Abuja Federal Capital Territory, Nigeria	NI	NI11	191147	9.08333	7.53333	-1997013	4	Abuja, Abuja Federal Capital Territory, Nigeria	NI	NI11	191147	9.08333	7.53333	-1997013	20260920103000	https://punchng.com/how-to-get-federal-high-court-affidavit-online-without-visiting-court/
1323940546	20260920	202609	2026	2026.7123	NGA	NIGERIA	NGA								LEG	HOUSE OF ASSEMBLY						LEG			1	043	043	04	1	2.8	5	1	5	5.03875968992248	4	Dawakin Kudu, Kano, Nigeria	NI	NI29	191049	11.8351	8.59756	-2004730	4	Kano, Kano, Nigeria	NI	NI29	191030	11.9964	8.51667	-2014610	4	Dawakin Kudu, Kano, Nigeria	NI	NI29	191049	11.8351	8.59756	-2004730	20260920103000	https://punchng.com/apc-wins-kano-assembly-seat-in-by-election/
1323940547	20260920	202609	2026	2026.7123	NGA	KANO	NGA								LEG	HOUSE OF ASSEMBLY						LEG			1	043	043	04	1	2.8	2	1	2	5.03875968992248	4	Kano, Kano, Nigeria	NI	NI29	191030	11.9964	8.51667	-2014610	4	Kano, Kano, Nigeria	NI	NI29	191030	11.9964	8.51667	-2014610	4	Dawakin Kudu, Kano, Nigeria	NI	NI29	191049	11.8351	8.59756	-2004730	20260920103000	https://punchng.com/apc-wins-kano-assembly-seat-in-by-election/
1323940548	20260920	202609	2026	2026.7123	NGA	NIGERIA	NGA								LEG	HOUSE OF ASSEMBLY						LEG			1	043	043	04	1	2.8	1	1	1	5.03875968992248	4	Kano, Kano, Nigeria	NI	NI29	191030	11.9964	8.51667	-2014610	4	Kano, Kano, Nigeria	NI	NI29	191030	11.9964	8.51667	-2014610	4	Kano, Kano, Nigeria	NI	NI29	191030	11.9964	8.51667	-2014610	20260920103000	https://punchng.com/apc-wins-kano-assembly-seat-in-by-election/
1323940549	20260920	202609	2026	2026.7123	OPP	ACTIVIST						OPP													0	036	036	03	1	4.0	2	1	2	0.19646365422397	4	Muranga, Central, Kenya	KE	KE01	18585	-0.716667	37.15	-2257236	0								4	Muranga, Central, Kenya	KE	KE01	18585	-0.716667	37.15	-2257236	20260920103000	https://www.the-star.co.ke/news/2026-09-20-jitters-as-nyoro-matiangi-political-moves-reshape-mt-kenya-opposition-politics
1323940550	20260920	202609	2026	2026.7123	OPP	DEMONSTRATOR						OPP			CHE	ZURICH	CHE								1	042	042	04	1	1.9	10	1	10	-5.65552699228792	4	Zurich, ZüSZ, Switzerland	SZ	SZ25	26310	47.3667	8.55	-2554935	4	Zurich, ZüSZ, Switzerland	SZ	SZ25	26310	47.3667	8.55	-2554935	4	Zurich, ZüSZ, Switzerland	SZ	SZ25	26310	47.3667	8.55	-2554935	20260920103000	https://www.swissinfo.ch/eng/demographics/zurich-anti-abortion-march-disrupted-by-protesters/92088374
1323940551	20260920	202609	2026	2026.7123	OPP	DEMONSTRATOR						OPP			CHE	SWITZERLAND	CHE								1	192	192	19	4	-9.5	3	1	3	-5.65552699228792	4	Zurich, ZüSZ, Switzerland	SZ	SZ25	26310	47.3667	8.55	-2554935	4	Oerlikon, Switzerland (general), Switzerland	SZ	SZ00	26310	47.41	8.55817	-2553505	4	Oerlikon, Switzerland (general), Switzerland	SZ	SZ00	26310	47.41	8.55817	-2553505	20260920103000	https://www.swissinfo.ch/eng/demographics/zurich-anti-abortion-march-disrupted-by-protesters/92088374
1323940552	20260920	202609	2026	2026.7123	OPP	DEMONSTRATOR						OPP			CHE	ZURICH	CHE								1	192	192	19	4	-9.5	2	1	2	-5.65552699228792	4	Zurich, ZüSZ, Switzerland	SZ	SZ25	26310	47.3667	8.55	-2554935	4	Zurich, ZüSZ, Switzerland	SZ	SZ25	26310	47.3667	8.55	-2554935	4	Oerlikon, Switzerland (general), Switzerland	SZ	SZ00	26310	47.41	8.55817	-2553505	20260920103000	https://www.swissinfo.ch/eng/demographics/zurich-anti-abortion-march-disrupted-by-protesters/92088374
1323940553	20260920	202609	2026	2026.7123	OPP	ACTIVIST						OPP			KEN	KENYA	KEN								0	036	036	03	1	4.0	6	1	6	0.19646365422397	4	Muranga, Central, Kenya	KE	KE01	18585	-0.716667	37.15	-2257236	4	Muranga, Central, Kenya	KE	KE01	18585	-0.716667	37.15	-2257236	4	Muranga, Central, Kenya	KE	KE01	18585	-0.716667	37.15	-2257236	20260920103000	https://www.the-star.co.ke/news/2026-09-20-jitters-as-nyoro-matiangi-political-moves-reshape-mt-kenya-opposition-politics
1323940554	20260920	202609	2026	2026.7123	OPP	DEMONSTRATOR						OPP			MCOELIGOVENV	ALBERT	MCO					ELI	GOV	ENV	0	111	111	11	3	-2.0	5	1	5	-3.63636363636364	4	Geneva, Genè, Switzerland	SZ	SZ07	16329	46.1956	6.14811	-2552151	4	Geneva, Genè, Switzerland	SZ	SZ07	16329	46.1956	6.14811	-2552151	4	Geneva, Genè, Switzerland	SZ	SZ07	16329	46.1956	6.14811	-2552151	20260920103000	https://www.swissinfo.ch/eng/climate-adaptation/geneva-and-lausanne-residents-protest-against-inaction-on-climate-change/92088301
1323940555	20260920	202609	2026	2026.7123	PAK	PAKISTAN	PAK																		1	061	061	06	2	6.4	6	1	6	-3.47957639939486	1	China	CH	CH		35	105	CH	0								1	China	CH	CH		35	105	CH	20260920103000	https://tribune.com.pk/story/2630249/psx-edges-up-amid-me-tensions
1323940556	20260920	202609	2026	2026.7123	PAK	PAKISTAN	PAK																		1	061	061	06	2	6.4	4	1	4	-3.47957639939486	1	China	CH	CH		35	105	CH	0								1	Iran	IR	IR		32	53	IR	20260920103000	https://tribune.com.pk/story/2630249/psx-edges-up-amid-me-tensions
1323940557	20260920	202609	2026	2026.7123	PAK	PAKISTAN	PAK								MIL	ADMIRAL						MIL			1	042	042	04	1	1.9	1	1	1	-1.45772594752186	4	Kolkata, West Bengal, India	IN	IN28	70294	22.5697	88.3697	-2092511	4	Islamabad, Islamabad, Pakistan	PK	PK08	23674	33.7	73.1667	-2762812	4	Islamabad, Islamabad, Pakistan	PK	PK08	23674	33.7	73.1667	-2762812	20260920103000	https://tribune.com.pk/story/2630348/navy-chief-visits-units-at-sea-creeks-area-to-review-seaspark-2026
1323940558	20260920	202609	2026	2026.7123	PRK	PYONGYANG	PRK																		0	154	154	15	4	-7.2	2	1	2	-5.57377049180328	4	Pyongyang, P'yongyang-si, North Korea	KN	KN12	39681	39.0194	125.755	-183459	0								4	Pyongyang, P'yongyang-si, North Korea	KN	KN12	39681	39.0194	125.755	-183459	20260920103000	https://timesofindia.indiatimes.com/defence/international/north-korea-fires-apparent-ballistic-missile-amid-rising-regional-tensions/articleshow/134365168.cms
1323940559	20260920	202609	2026	2026.7123	PRK	NORTH KOREA	PRK																		1	194	194	19	4	-10.0	1	1	1	-3.16622691292876	4	Seoul, Soul-t'ukpyolsi, South Korea	KS	KS11	24984	37.5664	127	-716583	0								4	Pyongyang, P'yongyang-si, North Korea	KN	KN12	39681	39.0194	125.755	-183459	20260920103000	https://www.vanguardngr.com/2026/09/north-korea-fires-ballistic-missile-into-east-sea-seoul/
1323940560	20260920	202609	2026	2026.7123	PRK	NORTH KOREA	PRK																		0	194	194	19	4	-10.0	2	1	2	-2.82485875706215	4	Wonsan, Cholla-namdo, South Korea	KS	KS16	24974	34.8506	127.408	10076233	0								4	Wonsan, Cholla-namdo, South Korea	KS	KS16	24974	34.8506	127.408	10076233	20260920103000	https://www.ibtimes.com/north-korea-fires-two-suspected-ballistic-missiles-towards-sea-japan-3807656
1323940561	20260920	202609	2026	2026.7123	PRK	NORTH KOREAN	PRK								JPN	JAPAN	JPN								0	010	010	01	1	0.0	1	1	1	-3.4313725490196	4	Pyongyang, P'yongyang-si, North Korea	KN	KN12	39681	39.0194	125.755	-183459	1	Japan	JA	JA		36	138	JA	1	Japan	JA	JA		36	138	JA	20260920103000	https://asia.nikkei.com/spotlight/north-korea-tensions/north-korea-fires-two-missiles-off-east-coast-in-three-hours
1323940562	20260920	202609	2026	2026.7123	PRK	NORTH KOREA	PRK								JPN	JAPAN	JPN								1	194	194	19	4	-10.0	4	1	2	-2.82485875706215	4	Wonsan, Cholla-namdo, South Korea	KS	KS16	24974	34.8506	127.408	10076233	1	Japan	JA	JA		36	138	JA	4	Wonsan, Cholla-namdo, South Korea	KS	KS16	24974	34.8506	127.408	10076233	20260920103000	https://www.ibtimes.com/north-korea-fires-two-suspected-ballistic-missiles-towards-sea-japan-3807656
1323940563	20260920	202609	2026	2026.7123	PRK	NORTH KOREA	PRK								JPN	JAPAN	JPN								1	194	194	19	4	-10.0	4	1	4	-2.82485875706215	4	Wonsan, Cholla-namdo, South Korea	KS	KS16	24974	34.8506	127.408	10076233	1	Japan	JA	JA		36	138	JA	1	Japan	JA	JA		36	138	JA	20260920103000	https://www.ibtimes.com/north-korea-fires-two-suspected-ballistic-missiles-towards-sea-japan-3807656
1323940564	20260920	202609	2026	2026.7123	PRK	NORTH KOREA	PRK								KOR	SEOUL	KOR								1	194	194	19	4	-10.0	10	1	10	-3.16622691292876	4	Pyongyang, P'yongyang-si, North Korea	KN	KN12	39681	39.0194	125.755	-183459	4	Pyongyang, P'yongyang-si, North Korea	KN	KN12	39681	39.0194	125.755	-183459	4	Pyongyang, P'yongyang-si, North Korea	KN	KN12	39681	39.0194	125.755	-183459	20260920103000	https://www.vanguardngr.com/2026/09/north-korea-fires-ballistic-missile-into-east-sea-seoul/
1323940565	20260920	202609	2026	2026.7123	PRK	NORTH KOREA	PRK								KOR	SOUTH KOREA	KOR								1	194	194	19	4	-10.0	6	1	6	-5.57377049180328	4	Pyongyang, P'yongyang-si, North Korea	KN	KN12	39681	39.0194	125.755	-183459	4	Wonsan, Cholla-namdo, South Korea	KS	KS16	24974	34.8506	127.408	10076233	4	Pyongyang, P'yongyang-si, North Korea	KN	KN12	39681	39.0194	125.755	-183459	20260920103000	https://timesofindia.indiatimes.com/defence/international/north-korea-fires-apparent-ballistic-missile-amid-rising-regional-tensions/articleshow/134365168.cms
1323940566	20260920	202609	2026	2026.7123	PRK	NORTH KOREA	PRK								KOR	SOUTH KOREA	KOR								0	194	194	19	4	-10.0	2	1	2	-2.82485875706215	4	Wonsan, Cholla-namdo, South Korea	KS	KS16	24974	34.8506	127.408	10076233	4	Wonsan, Cholla-namdo, South Korea	KS	KS16	24974	34.8506	127.408	10076233	4	Wonsan, Cholla-namdo, South Korea	KS	KS16	24974	34.8506	127.408	10076233	20260920103000	https://www.ibtimes.com/north-korea-fires-two-suspected-ballistic-missiles-towards-sea-japan-3807656
1323940567	20260920	202609	2026	2026.7123	PRK	NORTH KOREA	PRK								KORMIL	SOUTH KOREA	KOR					MIL			1	194	194	19	4	-10.0	4	1	4	-5.57377049180328	4	Pyongyang, P'yongyang-si, North Korea	KN	KN12	39681	39.0194	125.755	-183459	4	Wonsan, Cholla-namdo, South Korea	KS	KS16	24974	34.8506	127.408	10076233	4	Pyongyang, P'yongyang-si, North Korea	KN	KN12	39681	39.0194	125.755	-183459	20260920103000	https://timesofindia.indiatimes.com/defence/international/north-korea-fires-apparent-ballistic-missile-amid-rising-regional-tensions/articleshow/134365168.cms
1323940568	20260920	202609	2026	2026.7123	PRK	NORTH KOREA	PRK								KORMIL	SOUTH KOREA	KOR					MIL			1	194	194	19	4	-10.0	1	1	1	-3.16622691292876	4	Seoul, Soul-t'ukpyolsi, South Korea	KS	KS11	24984	37.5664	127	-716583	4	Seoul, Soul-t'ukpyolsi, South Korea	KS	KS11	24984	37.5664	127	-716583	4	Pyongyang, P'yongyang-si, North Korea	KN	KN12	39681	39.0194	125.755	-183459	20260920103000	https://www.vanguardngr.com/2026/09/north-korea-fires-ballistic-missile-into-east-sea-seoul/
1323940569	20260920	202609	2026	2026.7123	PRK	PYONGYANG	PRK								MIL	MILITARY						MIL			0	154	154	15	4	-7.2	8	1	8	-5.57377049180328	4	Pyongyang, P'yongyang-si, North Korea	KN	KN12	39681	39.0194	125.755	-183459	4	Pyongyang, P'yongyang-si, North Korea	KN	KN12	39681	39.0194	125.755	-183459	4	Pyongyang, P'yongyang-si, North Korea	KN	KN12	39681	39.0194	125.755	-183459	20260920103000	https://timesofindia.indiatimes.com/defence/international/north-korea-fires-apparent-ballistic-missile-amid-rising-regional-tensions/articleshow/134365168.cms
1323940570	20260920	202609	2026	2026.7123	PRK	NORTH KOREA	PRK								MIL	MILITARY						MIL			1	194	194	19	4	-10.0	10	1	5	-5.57377049180328	4	Pyongyang, P'yongyang-si, North Korea	KN	KN12	39681	39.0194	125.755	-183459	4	Pyongyang, P'yongyang-si, North Korea	KN	KN12	39681	39.0194	125.755	-183459	4	Pyongyang, P'yongyang-si, North Korea	KN	KN12	39681	39.0194	125.755	-183459	20260920103000	https://timesofindia.indiatimes.com/defence/international/north-korea-fires-apparent-ballistic-missile-amid-rising-regional-tensions/articleshow/134365168.cms
1323940571	20260920	202609	2026	2026.7123	PRK	PYONGYANG	PRK								USA	THE US	USA								1	112	112	11	3	-2.0	10	1	10	-3.4313725490196	4	Pyongyang, P'yongyang-si, North Korea	KN	KN12	39681	39.0194	125.755	-183459	4	Pyongyang, P'yongyang-si, North Korea	KN	KN12	39681	39.0194	125.755	-183459	4	Pyongyang, P'yongyang-si, North Korea	KN	KN12	39681	39.0194	125.755	-183459	20260920103000	https://asia.nikkei.com/spotlight/north-korea-tensions/north-korea-fires-two-missiles-off-east-coast-in-three-hours
1323940572	20260920	202609	2026	2026.7123	PRKGOVMIL	NORTH KOREA	PRK					GOV	MIL		PRK	PYONGYANG	PRK								0	130	130	13	3	-4.4	2	1	2	-5.57377049180328	4	Pyongyang, P'yongyang-si, North Korea	KN	KN12	39681	39.0194	125.755	-183459	4	Pyongyang, P'yongyang-si, North Korea	KN	KN12	39681	39.0194	125.755	-183459	4	Pyongyang, P'yongyang-si, North Korea	KN	KN12	39681	39.0194	125.755	-183459	20260920103000	https://timesofindia.indiatimes.com/defence/international/north-korea-fires-apparent-ballistic-missile-amid-rising-regional-tensions/articleshow/134365168.cms
1323940573	20260920	202609	2026	2026.7123	PTY	PARTY LEADER									COPPTY	DEPUTY						COP			0	100	100	10	3	-5.0	5	1	5	0.19646365422397	4	Kiambu, Central, Kenya	KE	KE01	18585	-1.16667	36.8333	-2250071	4	Kiambu, Central, Kenya	KE	KE01	18585	-1.16667	36.8333	-2250071	4	Kiambu, Central, Kenya	KE	KE01	18585	-1.16667	36.8333	-2250071	20260920103000	https://www.the-star.co.ke/news/2026-09-20-jitters-as-nyoro-matiangi-political-moves-reshape-mt-kenya-opposition-politics
1323940574	20260920	202609	2026	2026.7123	QAT	QATAR	QAT								DEU	GERMAN	DEU								1	173	173	17	4	-5.0	10	1	10	-5.83090379008747	4	Paris, France (general), France	FR	FR00	16282	48.8667	2.33333	-1456928	4	Paris, France (general), France	FR	FR00	16282	48.8667	2.33333	-1456928	4	Paris, France (general), France	FR	FR00	16282	48.8667	2.33333	-1456928	20260920103000	http://thepeninsulaqatar.com/article/20/09/2026/germans-arrested-for-louvre-stunt-in-mona-lisa-hall
1323940575	20260920	202609	2026	2026.7123	QAT	QATAR	QAT								FRA	PARIS	FRA								1	042	042	04	1	1.9	2	1	2	-5.83090379008747	4	Paris, France (general), France	FR	FR00	16282	48.8667	2.33333	-1456928	4	Paris, France (general), France	FR	FR00	16282	48.8667	2.33333	-1456928	1	Qatar	QA	QA		25.5	51.25	QA	20260920103000	http://thepeninsulaqatar.com/article/20/09/2026/germans-arrested-for-louvre-stunt-in-mona-lisa-hall
1323940576	20260920	202609	2026	2026.7123	QAT	QATAR	QAT								FRA	PARIS	FRA								1	042	042	04	1	1.9	2	1	2	-5.83090379008747	1	Qatar	QA	QA		25.5	51.25	QA	1	Qatar	QA	QA		25.5	51.25	QA	1	Qatar	QA	QA		25.5	51.25	QA	20260920103000	http://thepeninsulaqatar.com/article/20/09/2026/germans-arrested-for-louvre-stunt-in-mona-lisa-hall
1323940577	20260920	202609	2026	2026.7123	RAD	EXTREMIST						RAD													1	040	040	04	1	1.0	5	1	5	-4.59770114942529	4	Tejgaon, Bangladesh (general), Bangladesh	BG	BG00	5778	23.7667	90.4	-2737997	0								4	Tejgaon, Bangladesh (general), Bangladesh	BG	BG00	5778	23.7667	90.4	-2737997	20260920103000	https://bdnews24.com/bangladesh/tqjr6b70uj
1323940578	20260920	202609	2026	2026.7123	RAD	EXTREMIST						RAD			GOV	HOME MINIST						GOV			1	040	040	04	1	1.0	5	1	5	-4.59770114942529	4	Tejgaon, Bangladesh (general), Bangladesh	BG	BG00	5778	23.7667	90.4	-2737997	4	Tejgaon, Bangladesh (general), Bangladesh	BG	BG00	5778	23.7667	90.4	-2737997	4	Tejgaon, Bangladesh (general), Bangladesh	BG	BG00	5778	23.7667	90.4	-2737997	20260920103000	https://bdnews24.com/bangladesh/tqjr6b70uj
1323940579	20260920	202609	2026	2026.7123	REL	PRIEST																			0	043	043	04	1	2.8	10	1	10	3.80100614868641	1	Ireland	EI	EI		53	-8	EI	0								1	Ireland	EI	EI		53	-8	EI	20260920103000	https://www.rte.ie/brainstorm/2026/0917/1591737-station-mass-ireland-tradition-priest-family-neighbours-celebration/
1323940580	20260920	202609	2026	2026.7123	REL	PRIEST																			0	051	051	05	1	3.4	10	1	10	3.80100614868641	1	Ireland	EI	EI		53	-8	EI	0								1	Ireland	EI	EI		53	-8	EI	20260920103000	https://www.rte.ie/brainstorm/2026/0917/1591737-station-mass-ireland-tradition-priest-family-neighbours-celebration/
1323940581	20260920	202609	2026	2026.7123	REL	BISHOP									GOV	GOVERNOR						GOV			0	110	110	11	3	-2.0	8	1	8	0.57803468208092	4	Nairobi, Nairobi Area, Kenya	KE	KE05	18585	-1.28333	36.8167	-2258072	4	Nairobi, Nairobi Area, Kenya	KE	KE05	18585	-1.28333	36.8167	-2258072	4	Nairobi, Nairobi Area, Kenya	KE	KE05	18585	-1.28333	36.8167	-2258072	20260920103000	https://www.the-star.co.ke/news/2026-09-20-gachagua-nairobi-sweep-prediction-meets-sifuna-wave
1323940582	20260920	202609	2026	2026.7123	RUS	RUSSIAN	RUS								RUSGOV	RUSSIA	RUS					GOV			0	180	180	18	4	-9.0	2	1	2	-6.19307832422587	4	Kremlin, Moskva, Russia	RS	RS48	25106	55.7522	37.6156	-2960561	4	Moscow, Moskva, Russia	RS	RS48	25106	55.7522	37.6156	-2960561	4	Moscow, Moskva, Russia	RS	RS48	25106	55.7522	37.6156	-2960561	20260920103000	https://www.the-star.co.ke/news/world/2026-09-20-two-killed-in-massive-ukrainian-drone-attack-on-moscow-region-russia-says
1323940583	20260920	202609	2026	2026.7123	RUS	MOSCOW	RUS								RUSGOVMED	RUSSIAN	RUS					GOV	MED		0	190	190	19	4	-10.0	10	1	10	-6.19307832422587	4	Moscow, Moskva, Russia	RS	RS48	25106	55.7522	37.6156	-2960561	4	Kremlin, Moskva, Russia	RS	RS48	25106	55.7522	37.6156	-2960561	4	Kremlin, Moskva, Russia	RS	RS48	25106	55.7522	37.6156	-2960561	20260920103000	https://www.the-star.co.ke/news/world/2026-09-20-two-killed-in-massive-ukrainian-drone-attack-on-moscow-region-russia-says
1323940584	20260920	202609	2026	2026.7123	RUS	RUSSIAN	RUS								UKR	UKRAINE	UKR								0	180	180	18	4	-9.0	1	1	1	-6.19307832422587	4	Kremlin, Moskva, Russia	RS	RS48	25106	55.7522	37.6156	-2960561	4	Kherson, Khersons'ka Oblast', Ukraine	UP	UP08	28557	46.6558	32.6178	-1041356	4	Moscow, Moskva, Russia	RS	RS48	25106	55.7522	37.6156	-2960561	20260920103000	https://www.the-star.co.ke/news/world/2026-09-20-two-killed-in-massive-ukrainian-drone-attack-on-moscow-region-russia-says
1323940585	20260920	202609	2026	2026.7123	RUS	RUSSIA	RUS								UKR	UKRAINE	UKR								1	190	190	19	4	-10.0	1	1	1	-6.19307832422587	4	Kyiv, Kyyiv, Misto, Ukraine	UP	UP12	28554	50.4333	30.5167	-1044367	4	Sumy, Sums'ka Oblast', Ukraine	UP	UP21	25068	50.9216	34.8003	-1055659	4	Moscow, Moskva, Russia	RS	RS48	25106	55.7522	37.6156	-2960561	20260920103000	https://www.the-star.co.ke/news/world/2026-09-20-two-killed-in-massive-ukrainian-drone-attack-on-moscow-region-russia-says
1323940586	20260920	202609	2026	2026.7123	RUS	RUSSIAN	RUS								UKR	UKRAINE	UKR								1	190	190	19	4	-10.0	1	1	1	-6.19307832422587	4	Sumy, Sums'ka Oblast', Ukraine	UP	UP21	25068	50.9216	34.8003	-1055659	4	Sumy, Sums'ka Oblast', Ukraine	UP	UP21	25068	50.9216	34.8003	-1055659	4	Sumy, Sums'ka Oblast', Ukraine	UP	UP21	25068	50.9216	34.8003	-1055659	20260920103000	https://www.the-star.co.ke/news/world/2026-09-20-two-killed-in-massive-ukrainian-drone-attack-on-moscow-region-russia-says
1323940587	20260920	202609	2026	2026.7123	RUS	RUSSIA	RUS								UKR	UKRAINE	UKR								1	190	190	19	4	-10.0	2	1	2	-6.19307832422587	4	Orekhovo-Zuevo, Moskovskaya Oblast', Russia	RS	RS47	25112	55.8067	38.9618	-2974894	4	Sumy, Sums'ka Oblast', Ukraine	UP	UP21	25068	50.9216	34.8003	-1055659	4	Sumy, Sums'ka Oblast', Ukraine	UP	UP21	25068	50.9216	34.8003	-1055659	20260920103000	https://www.the-star.co.ke/news/world/2026-09-20-two-killed-in-massive-ukrainian-drone-attack-on-moscow-region-russia-says
1323940588	20260920	202609	2026	2026.7123	RUS	RUSSIA	RUS								UKR	UKRAINE	UKR								1	190	190	19	4	-10.0	1	1	1	-6.19307832422587	4	Orekhovo-Zuevo, Moskovskaya Oblast', Russia	RS	RS47	25112	55.8067	38.9618	-2974894	4	Orekhovo-Zuevo, Moskovskaya Oblast', Russia	RS	RS47	25112	55.8067	38.9618	-2974894	4	Sumy, Sums'ka Oblast', Ukraine	UP	UP21	25068	50.9216	34.8003	-1055659	20260920103000	https://www.the-star.co.ke/news/world/2026-09-20-two-killed-in-massive-ukrainian-drone-attack-on-moscow-region-russia-says
1323940589	20260920	202609	2026	2026.7123	RUS	RUSSIA	RUS								UKR	UKRAINE	UKR								0	190	190	19	4	-10.0	1	1	1	-6.19307832422587	4	Vnukovo, Kostromskaya Oblast', Russia	RS	RS37	25114	58.651	41.858	9268015	4	Vyshhorod, Kyyivs'ka Oblast', Ukraine	UP	UP13	28554	50.5848	30.4898	-1059141	4	Kyiv, Kyyiv, Misto, Ukraine	UP	UP12	28554	50.4333	30.5167	-1044367	20260920103000	https://www.the-star.co.ke/news/world/2026-09-20-two-killed-in-massive-ukrainian-drone-attack-on-moscow-region-russia-says
1323940590	20260920	202609	2026	2026.7123	RUS	MOSCOW	RUS								UKR	UKRAINIAN	UKR								1	193	193	19	4	-10.0	1	1	1	-4.77453580901857	4	Moscow, Moskva, Russia	RS	RS48	25106	55.7522	37.6156	-2960561	4	Kyiv, Kyyiv, Misto, Ukraine	UP	UP12	28554	50.4333	30.5167	-1044367	4	Kyiv, Kyyiv, Misto, Ukraine	UP	UP12	28554	50.4333	30.5167	-1044367	20260920103000	https://www.vanguardngr.com/2026/09/drones-hit-moscow-as-russians-go-to-polls/
1323940591	20260920	202609	2026	2026.7123	RUS	RUSSIA	RUS								UKRMIL	UKRAINE	UKR					MIL			1	020	020	02	1	3.0	4	1	4	-4.77453580901857	4	Moscow, Moskva, Russia	RS	RS48	25106	55.7522	37.6156	-2960561	4	Kyiv, Kyyiv, Misto, Ukraine	UP	UP12	28554	50.4333	30.5167	-1044367	4	Kyiv, Kyyiv, Misto, Ukraine	UP	UP12	28554	50.4333	30.5167	-1044367	20260920103000	https://www.vanguardngr.com/2026/09/drones-hit-moscow-as-russians-go-to-polls/
1323940592	20260920	202609	2026	2026.7123	RUS	MOSCOW	RUS								UKRMIL	UKRAINE	UKR					MIL			1	020	020	02	1	3.0	6	1	6	-4.77453580901857	4	Moscow, Moskva, Russia	RS	RS48	25106	55.7522	37.6156	-2960561	4	Kyiv, Kyyiv, Misto, Ukraine	UP	UP12	28554	50.4333	30.5167	-1044367	4	Moscow, Moskva, Russia	RS	RS48	25106	55.7522	37.6156	-2960561	20260920103000	https://www.vanguardngr.com/2026/09/drones-hit-moscow-as-russians-go-to-polls/
1323940593	20260920	202609	2026	2026.7123	RUSGOV	RUSSIA	RUS					GOV			CVL	CIVILIAN						CVL			0	1123	112	11	3	-2.0	10	1	10	-6.13598673300165	4	Moscow, Moskva, Russia	RS	RS48	25106	55.7522	37.6156	-2960561	4	Moscow, Moskva, Russia	RS	RS48	25106	55.7522	37.6156	-2960561	4	Moscow, Moskva, Russia	RS	RS48	25106	55.7522	37.6156	-2960561	20260920103000	https://www.abc.net.au/news/2026-09-20/russia-ukraine-drone-attack-moscow-election/107174326
1323940594	20260920	202609	2026	2026.7123	RUSGOV	RUSSIA	RUS					GOV			CVL	CIVILIAN						CVL			0	190	190	19	4	-10.0	10	1	10	-6.13598673300165	4	Moscow, Moskva, Russia	RS	RS48	25106	55.7522	37.6156	-2960561	4	Moscow, Moskva, Russia	RS	RS48	25106	55.7522	37.6156	-2960561	4	Moscow, Moskva, Russia	RS	RS48	25106	55.7522	37.6156	-2960561	20260920103000	https://www.abc.net.au/news/2026-09-20/russia-ukraine-drone-attack-moscow-election/107174326
1323940595	20260920	202609	2026	2026.7123	RUSGOV	MOSCOW	RUS					GOV			UKR	KYIV	UKR								1	112	112	11	3	-2.0	3	1	3	-4.77453580901857	4	Moscow, Moskva, Russia	RS	RS48	25106	55.7522	37.6156	-2960561	4	Kyiv, Kyyiv, Misto, Ukraine	UP	UP12	28554	50.4333	30.5167	-1044367	4	Kyiv, Kyyiv, Misto, Ukraine	UP	UP12	28554	50.4333	30.5167	-1044367	20260920103000	https://www.vanguardngr.com/2026/09/drones-hit-moscow-as-russians-go-to-polls/
1323940596	20260920	202609	2026	2026.7123	RUSGOVMED	RUSSIAN	RUS					GOV	MED		RUS	MOSCOW	RUS								0	180	180	18	4	-9.0	6	1	6	-6.19307832422587	4	Kremlin, Moskva, Russia	RS	RS48	25106	55.7522	37.6156	-2960561	4	Moscow, Moskva, Russia	RS	RS48	25106	55.7522	37.6156	-2960561	4	Moscow, Moskva, Russia	RS	RS48	25106	55.7522	37.6156	-2960561	20260920103000	https://www.the-star.co.ke/news/world/2026-09-20-two-killed-in-massive-ukrainian-drone-attack-on-moscow-region-russia-says
1323940597	20260920	202609	2026	2026.7123	RWA	KIGALI	RWA																		1	040	040	04	1	1.0	2	1	2	2.75229357798165	4	Kigali, (RW09), Rwanda	RW	RW09	21996	-1.95361	30.0606	-2181358	0								4	Kigali, (RW09), Rwanda	RW	RW09	21996	-1.95361	30.0606	-2181358	20260920103000	http://www.zimbabwestar.com/news/279318790/hello-africa-rwandan-agricultural-professionals-gain-insights-from-chinese-training-program
1323940598	20260920	202609	2026	2026.7123	RWA	RWANDAN	RWA																		1	042	042	04	1	1.9	8	1	8	2.75229357798165	4	Kigali, (RW09), Rwanda	RW	RW09	21996	-1.95361	30.0606	-2181358	0								4	Kigali, (RW09), Rwanda	RW	RW09	21996	-1.95361	30.0606	-2181358	20260920103000	http://www.zimbabwestar.com/news/279318790/hello-africa-rwandan-agricultural-professionals-gain-insights-from-chinese-training-program
1323940599	20260920	202609	2026	2026.7123	SAU	SAUDI ARABIA	SAU																		1	042	042	04	1	1.9	4	1	4	-8	4	Rajib, Rangpur, Bangladesh	BG	BG87	5818	25.7278	89.4487	-2732602	0								1	Saudi Arabia	SA	SA		25	45	SA	20260920103000	https://bdnews24.com/bangladesh/j54dsimpb6
1323940600	20260920	202609	2026	2026.7123	SAU	SAUDI ARABIA	SAU								BGD	BANGLADESH	BGD								1	043	043	04	1	2.8	2	1	2	-8	4	Rajib, Rangpur, Bangladesh	BG	BG87	5818	25.7278	89.4487	-2732602	4	Rajib, Rangpur, Bangladesh	BG	BG87	5818	25.7278	89.4487	-2732602	4	Rajib, Rangpur, Bangladesh	BG	BG87	5818	25.7278	89.4487	-2732602	20260920103000	https://bdnews24.com/bangladesh/j54dsimpb6
1323940601	20260920	202609	2026	2026.7123	SAU	SAUDI ARABIA	SAU								BGD	BANGLADESH	BGD								1	043	043	04	1	2.8	2	1	2	-8	1	Saudi Arabia	SA	SA		25	45	SA	4	Rajib, Rangpur, Bangladesh	BG	BG87	5818	25.7278	89.4487	-2732602	1	Saudi Arabia	SA	SA		25	45	SA	20260920103000	https://bdnews24.com/bangladesh/j54dsimpb6
1323940602	20260920	202609	2026	2026.7123	SAUGOV	ABDULLAH	SAU					GOV			MED	MEDIA						MED			1	010	010	01	1	0.0	6	1	6	-6.47948164146868	4	Jatrabari, Bangladesh (general), Bangladesh	BG	BG00	5790	24.9833	90.9167	-2722689	4	Jatrabari, Bangladesh (general), Bangladesh	BG	BG00	5790	24.9833	90.9167	-2722689	4	Jatrabari, Bangladesh (general), Bangladesh	BG	BG00	5790	24.9833	90.9167	-2722689	20260920103000	https://bdnews24.com/bangladesh/77wnfpknts
1323940603	20260920	202609	2026	2026.7123	SAUGOV	ABDULLAH	SAU					GOV			MED	MEDIA						MED			1	010	010	01	1	0.0	1	1	1	-6.47948164146868	4	Dhaka, Dhaka, Bangladesh	BG	BG81	5778	23.7231	90.4086	-2737683	4	Jatrabari, Bangladesh (general), Bangladesh	BG	BG00	5790	24.9833	90.9167	-2722689	4	Dhaka, Dhaka, Bangladesh	BG	BG81	5778	23.7231	90.4086	-2737683	20260920103000	https://bdnews24.com/bangladesh/77wnfpknts
1323940604	20260920	202609	2026	2026.7123	SAUGOV	ABDULLAH	SAU					GOV			MED	MEDIA						MED			1	010	010	01	1	0.0	1	1	1	-6.47948164146868	4	Dhaka, Dhaka, Bangladesh	BG	BG81	5778	23.7231	90.4086	-2737683	4	Dhaka, Dhaka, Bangladesh	BG	BG81	5778	23.7231	90.4086	-2737683	4	Dhaka, Dhaka, Bangladesh	BG	BG81	5778	23.7231	90.4086	-2737683	20260920103000	https://bdnews24.com/bangladesh/77wnfpknts
1323940605	20260920	202609	2026	2026.7123	SEP	LIBERATION ARMY						SEP													0	010	010	01	1	0.0	1	1	1	-5.28360528360528	4	Beijing, Beijing, China	CH	CH22	13001	39.9289	116.388	-1898541	0								1	Taiwan	TW	TW		24	121	TW	20260920103000	https://www.theepochtimes.com/china/us-urged-to-prepare-for-sudden-collapse-of-communist-regime-in-china-6091013
1323940606	20260920	202609	2026	2026.7123	SEP	LIBERATION ARMY						SEP													0	010	010	01	1	0.0	4	1	4	-5.28360528360528	1	Taiwan	TW	TW		24	121	TW	0								1	Taiwan	TW	TW		24	121	TW	20260920103000	https://www.theepochtimes.com/china/us-urged-to-prepare-for-sudden-collapse-of-communist-regime-in-china-6091013
1323940607	20260920	202609	2026	2026.7123	SIK	SIKH				SIK															1	190	190	19	4	-10.0	5	1	5	-10.0719424460432	1	Yemen	YM	YM		15.5	47.5	YM	0								1	Yemen	YM	YM		15.5	47.5	YM	20260920103000	https://www.indiablooms.com/world/sikh-bus-driver-attacked-bus-hijacked-in-uk-driverless-vehicle-rams-cars/details
1323940608	20260920	202609	2026	2026.7123	SIK	SIKH				SIK					GBR	UNITED KINGDOM	GBR								1	181	181	18	4	-9.0	5	1	5	-10.0719424460432	1	United Kingdom	UK	UK		54	-4	UK	1	United Kingdom	UK	UK		54	-4	UK	1	United Kingdom	UK	UK		54	-4	UK	20260920103000	https://www.indiablooms.com/world/sikh-bus-driver-attacked-bus-hijacked-in-uk-driverless-vehicle-rams-cars/details
1323940609	20260920	202609	2026	2026.7123	SIK	SIKH				SIK					GBR	UNITED KINGDOM	GBR								1	190	190	19	4	-10.0	5	1	5	-10.0719424460432	1	Yemen	YM	YM		15.5	47.5	YM	1	Yemen	YM	YM		15.5	47.5	YM	1	Yemen	YM	YM		15.5	47.5	YM	20260920103000	https://www.indiablooms.com/world/sikh-bus-driver-attacked-bus-hijacked-in-uk-driverless-vehicle-rams-cars/details
1323940610	20260920	202609	2026	2026.7123	SPY	INTELLIGENCE						SPY													1	010	010	01	1	0.0	10	1	10	-4.59770114942529	4	Dhaka, Dhaka, Bangladesh	BG	BG81	5778	23.7231	90.4086	-2737683	0								4	Dhaka, Dhaka, Bangladesh	BG	BG81	5778	23.7231	90.4086	-2737683	20260920103000	https://bdnews24.com/bangladesh/tqjr6b70uj
1323940611	20260920	202609	2026	2026.7123	THA	THAILAND	THA								COP	POLICE						COP			0	043	043	04	1	2.8	20	1	20	-7.75193798449612	1	Thailand	TH	TH		15	100	TH	1	Thailand	TH	TH		15	100	TH	1	Thailand	TH	TH		15	100	TH	20260920103000	https://focustaiwan.tw/society/202609200006
1323940612	20260920	202609	2026	2026.7123	TWN	TAIWAN	TWN																		1	111	111	11	3	-2.0	10	1	10	3.17002881844381	1	Taiwan	TW	TW		24	121	TW	0								1	Taiwan	TW	TW		24	121	TW	20260920103000	https://focustaiwan.tw:443/culture/202609200007
1323940613	20260920	202609	2026	2026.7123	TWN	TAIWANESE	TWN								THA	THAI	THA								1	190	190	19	4	-10.0	16	1	16	-7.75193798449612	1	Thailand	TH	TH		15	100	TH	1	Thailand	TH	TH		15	100	TH	1	Thailand	TH	TH		15	100	TH	20260920103000	https://focustaiwan.tw/society/202609200006
1323940614	20260920	202609	2026	2026.7123	TWN	TAICHUNG	TWN								TWNCOP	TAIPEI	TWN					COP			1	173	173	17	4	-5.0	6	1	6	-7.75193798449612	4	Taipei, T'ai-pei, Taiwan	TW	TW03	13277	25.0478	121.532	-2637882	4	Taipei, T'ai-pei, Taiwan	TW	TW03	13277	25.0478	121.532	-2637882	4	Taipei, T'ai-pei, Taiwan	TW	TW03	13277	25.0478	121.532	-2637882	20260920103000	https://focustaiwan.tw/society/202609200006
1323940615	20260920	202609	2026	2026.7123	TWN	TAICHUNG	TWN								TWNCOP	TAIPEI	TWN					COP			1	173	173	17	4	-5.0	4	1	4	-7.75193798449612	1	Thailand	TH	TH		15	100	TH	1	Thailand	TH	TH		15	100	TH	1	Thailand	TH	TH		15	100	TH	20260920103000	https://focustaiwan.tw/society/202609200006
1323940616	20260920	202609	2026	2026.7123	UAF	FIGHTER						UAF													0	042	042	04	1	1.9	8	1	8	3.42979635584137	4	New Delhi, Delhi, India	IN	IN07	17911	28.6	77.2	-2106102	0								4	New Delhi, Delhi, India	IN	IN07	17911	28.6	77.2	-2106102	20260920103000	https://timesofindia.indiatimes.com/defence/news/india-japan-defence-ties-take-flight-as-air-chiefs-fly-tejas-together-during-veer-guardian-2026/articleshow/134365952.cms
1323940617	20260920	202609	2026	2026.7123	UAF	FIGHTER						UAF													0	042	042	04	1	1.9	2	1	2	3.42979635584137	1	Japan	JA	JA		36	138	JA	0								1	Japan	JA	JA		36	138	JA	20260920103000	https://timesofindia.indiatimes.com/defence/news/india-japan-defence-ties-take-flight-as-air-chiefs-fly-tejas-together-during-veer-guardian-2026/articleshow/134365952.cms
1323940618	20260920	202609	2026	2026.7123	UIS	THE INTERNATIONAL COMMUNITY						UIS			JPN	JAPAN	JPN								0	010	010	01	1	0.0	1	1	1	-3.4313725490196	1	Japan	JA	JA		36	138	JA	1	Japan	JA	JA		36	138	JA	1	Japan	JA	JA		36	138	JA	20260920103000	https://asia.nikkei.com/spotlight/north-korea-tensions/north-korea-fires-two-missiles-off-east-coast-in-three-hours
1323940619	20260920	202609	2026	2026.7123	UIS	THE INTERNATIONAL COMMUNITY						UIS			JPNGOVMIL	JAPANESE	JPN					GOV	MIL		0	010	010	01	1	0.0	7	1	7	-3.4313725490196	1	Japan	JA	JA		36	138	JA	1	Japan	JA	JA		36	138	JA	1	Japan	JA	JA		36	138	JA	20260920103000	https://asia.nikkei.com/spotlight/north-korea-tensions/north-korea-fires-two-missiles-off-east-coast-in-three-hours
1323940620	20260920	202609	2026	2026.7123	UKR	UKRAINIAN	UKR								RUS	RUSSIA	RUS								1	111	111	11	3	-2.0	1	1	1	-6.19307832422587	4	Sumy, Sums'ka Oblast', Ukraine	UP	UP21	25068	50.9216	34.8003	-1055659	4	Sumy, Sums'ka Oblast', Ukraine	UP	UP21	25068	50.9216	34.8003	-1055659	4	Vnukovo, Kostromskaya Oblast', Russia	RS	RS37	25114	58.651	41.858	9268015	20260920103000	https://www.the-star.co.ke/news/world/2026-09-20-two-killed-in-massive-ukrainian-drone-attack-on-moscow-region-russia-says
1323940621	20260920	202609	2026	2026.7123	UKR	UKRAINIAN	UKR								RUS	RUSSIA	RUS								1	111	111	11	3	-2.0	1	1	1	-6.19307832422587	4	Sumy, Sums'ka Oblast', Ukraine	UP	UP21	25068	50.9216	34.8003	-1055659	4	Vnukovo, Kostromskaya Oblast', Russia	RS	RS37	25114	58.651	41.858	9268015	4	Vnukovo, Kostromskaya Oblast', Russia	RS	RS37	25114	58.651	41.858	9268015	20260920103000	https://www.the-star.co.ke/news/world/2026-09-20-two-killed-in-massive-ukrainian-drone-attack-on-moscow-region-russia-says
1323940622	20260920	202609	2026	2026.7123	UKR	UKRAINE	UKR								RUS	RUSSIA	RUS								1	190	190	19	4	-10.0	6	1	6	-6.13598673300165	4	Kherson, Khersons'ka Oblast', Ukraine	UP	UP08	28557	46.6558	32.6178	-1041356	4	Kherson, Khersons'ka Oblast', Ukraine	UP	UP08	28557	46.6558	32.6178	-1041356	4	Kherson, Khersons'ka Oblast', Ukraine	UP	UP08	28557	46.6558	32.6178	-1041356	20260920103000	https://www.abc.net.au/news/2026-09-20/russia-ukraine-drone-attack-moscow-election/107174326
1323940623	20260920	202609	2026	2026.7123	UKR	UKRAINE	UKR								RUS	MOSCOW	RUS								1	190	190	19	4	-10.0	2	1	2	-6.13598673300165	4	Kherson, Khersons'ka Oblast', Ukraine	UP	UP08	28557	46.6558	32.6178	-1041356	4	Moscow, Moskva, Russia	RS	RS48	25106	55.7522	37.6156	-2960561	4	Kherson, Khersons'ka Oblast', Ukraine	UP	UP08	28557	46.6558	32.6178	-1041356	20260920103000	https://www.abc.net.au/news/2026-09-20/russia-ukraine-drone-attack-moscow-election/107174326
1323940624	20260920	202609	2026	2026.7123	UKR	UKRAINE	UKR								RUS	RUSSIA	RUS								1	190	190	19	4	-10.0	1	1	1	-6.19307832422587	4	Sumy, Sums'ka Oblast', Ukraine	UP	UP21	25068	50.9216	34.8003	-1055659	4	Kyiv, Kyyiv, Misto, Ukraine	UP	UP12	28554	50.4333	30.5167	-1044367	4	Moscow, Moskva, Russia	RS	RS48	25106	55.7522	37.6156	-2960561	20260920103000	https://www.the-star.co.ke/news/world/2026-09-20-two-killed-in-massive-ukrainian-drone-attack-on-moscow-region-russia-says
1323940625	20260920	202609	2026	2026.7123	UKR	UKRAINE	UKR								RUS	RUSSIA	RUS								1	190	190	19	4	-10.0	2	1	2	-6.19307832422587	4	Sumy, Sums'ka Oblast', Ukraine	UP	UP21	25068	50.9216	34.8003	-1055659	4	Orekhovo-Zuevo, Moskovskaya Oblast', Russia	RS	RS47	25112	55.8067	38.9618	-2974894	4	Sumy, Sums'ka Oblast', Ukraine	UP	UP21	25068	50.9216	34.8003	-1055659	20260920103000	https://www.the-star.co.ke/news/world/2026-09-20-two-killed-in-massive-ukrainian-drone-attack-on-moscow-region-russia-says
1323940626	20260920	202609	2026	2026.7123	UKR	UKRAINE	UKR								RUS	RUSSIA	RUS								1	190	190	19	4	-10.0	1	1	1	-6.19307832422587	4	Orekhovo-Zuevo, Moskovskaya Oblast', Russia	RS	RS47	25112	55.8067	38.9618	-2974894	4	Orekhovo-Zuevo, Moskovskaya Oblast', Russia	RS	RS47	25112	55.8067	38.9618	-2974894	4	Sumy, Sums'ka Oblast', Ukraine	UP	UP21	25068	50.9216	34.8003	-1055659	20260920103000	https://www.the-star.co.ke/news/world/2026-09-20-two-killed-in-massive-ukrainian-drone-attack-on-moscow-region-russia-says
1323940627	20260920	202609	2026	2026.7123	UKR	UKRAINIAN	UKR								RUS	RUSSIAN	RUS								1	190	190	19	4	-10.0	6	1	6	-6.19307832422587	4	Vnukovo, Kostromskaya Oblast', Russia	RS	RS37	25114	58.651	41.858	9268015	4	Vnukovo, Kostromskaya Oblast', Russia	RS	RS37	25114	58.651	41.858	9268015	4	Vnukovo, Kostromskaya Oblast', Russia	RS	RS37	25114	58.651	41.858	9268015	20260920103000	https://www.the-star.co.ke/news/world/2026-09-20-two-killed-in-massive-ukrainian-drone-attack-on-moscow-region-russia-says
1323940628	20260920	202609	2026	2026.7123	UKRGOV	UKRAINE	UKR					GOV			RUS	MOSCOW	RUS								0	051	051	05	1	3.4	2	1	2	-4.77453580901857	4	Kyiv, Kyyiv, Misto, Ukraine	UP	UP12	28554	50.4333	30.5167	-1044367	4	Kyiv, Kyyiv, Misto, Ukraine	UP	UP12	28554	50.4333	30.5167	-1044367	4	Kyiv, Kyyiv, Misto, Ukraine	UP	UP12	28554	50.4333	30.5167	-1044367	20260920103000	https://www.vanguardngr.com/2026/09/drones-hit-moscow-as-russians-go-to-polls/
1323940629	20260920	202609	2026	2026.7123	UKRGOV	UKRAINE	UKR					GOV			RUS	MOSCOW	RUS								1	051	051	05	1	3.4	3	1	3	-4.49438202247191	4	Kyiv, Kyyiv, Misto, Ukraine	UP	UP12	28554	50.4333	30.5167	-1044367	4	Moscow, Moskva, Russia	RS	RS48	25106	55.7522	37.6156	-2960561	4	Moscow, Moskva, Russia	RS	RS48	25106	55.7522	37.6156	-2960561	20260920103000	https://www.naharnet.com:443/stories/en/322595-mass-drone-barrage-on-moscow-kills-two
1323940630	20260920	202609	2026	2026.7123	USA	COLORADO	USA																		0	010	010	01	1	0.0	2	1	2	2.07612456747405	3	Douglas County, Colorado, United States	US	USCO	CO035	39.3333	-104.951	198133	0								3	Douglas County, Colorado, United States	US	USCO		39.3333	-104.951	198133	20260920103000	https://timesofindia.indiatimes.com/world/us/in-2000-cable-billionaire-john-malone-paid-55-million-for-colorados-greenland-ranch-to-stop-development-its-17700-acre-conservation-easement-still-protects-the-front-range/articleshow/134353685.cms
1323940631	20260920	202609	2026	2026.7123	USA	HAWAII	USA																		0	010	010	01	1	0.0	8	1	8	-2.81899109792284	2	Hawaii, United States	US	USHI		21.1098	-157.531	HI	0								2	Massachusetts, United States	US	USMA		42.2373	-71.5314	MA	20260920103000	https://www.aol.co.uk/articles/leftists-waves-trump-flexes-muscles-100013000.html
1323940632	20260920	202609	2026	2026.7123	USA	UNITED STATES	USA																		0	015	015	01	1	0.0	2	1	2	0.22271714922049	2	Delaware, United States	US	USDE		39.3498	-75.5148	DE	0								2	Delaware, United States	US	USDE		39.3498	-75.5148	DE	20260920103000	https://www.kunr.org/npr-news/2026-09-20/u-s-childcare-costs-are-astronomical-more-families-are-turning-to-grandparents
1323940633	20260920	202609	2026	2026.7123	USA	NEW ORLEANS	USA																		0	020	020	02	1	3.0	7	1	7	-3.24825986078886	3	New Orleans, Louisiana, United States	US	USLA	LA071	29.9546	-90.0751	1629985	0								3	New Orleans, Louisiana, United States	US	USLA		29.9546	-90.0751	1629985	20260920103000	https://www.nola.com/news/kenner-seeks-state-input-on-airport-board/article_de6dfb73-eb76-492f-a2bb-df318ea05d2a.html
1323940634	20260920	202609	2026	2026.7123	USA	UNITED STATES	USA																		0	020	020	02	1	3.0	1	1	1	1.59362549800797	2	West Virginia, United States	US	USWV		38.468	-80.9696	WV	0								3	Washington, District of Columbia, United States	US	USDC	DC001	38.8951	-77.0364	531871	20260920103000	https://timesofindia.indiatimes.com/science/discovery/meet-kianoosh-nawai-the-west-virginia-eighth-grader-who-built-a-low-cost-3d-printed-bionic-hand-and-became-his-states-only-finalist-in-a-national-stem-contest/articleshow/134364866.cms
1323940635	20260920	202609	2026	2026.7123	USA	UNITED STATES	USA																		0	020	020	02	1	3.0	3	1	3	1.59362549800797	2	West Virginia, United States	US	USWV		38.468	-80.9696	WV	0								2	West Virginia, United States	US	USWV		38.468	-80.9696	WV	20260920103000	https://timesofindia.indiatimes.com/science/discovery/meet-kianoosh-nawai-the-west-virginia-eighth-grader-who-built-a-low-cost-3d-printed-bionic-hand-and-became-his-states-only-finalist-in-a-national-stem-contest/articleshow/134364866.cms
1323940636	20260920	202609	2026	2026.7123	USA	WEST VIRGINIA	USA																		1	023	023	02	1	3.4	3	1	3	1.59362549800797	3	Washington, District of Columbia, United States	US	USDC	DC001	38.8951	-77.0364	531871	0								3	Washington, District of Columbia, United States	US	USDC	DC001	38.8951	-77.0364	531871	20260920103000	https://timesofindia.indiatimes.com/science/discovery/meet-kianoosh-nawai-the-west-virginia-eighth-grader-who-built-a-low-cost-3d-printed-bionic-hand-and-became-his-states-only-finalist-in-a-national-stem-contest/articleshow/134364866.cms
1323940637	20260920	202609	2026	2026.7123	USA	UNITED STATES	USA																		1	023	023	02	1	3.4	1	1	1	1.59362549800797	2	West Virginia, United States	US	USWV		38.468	-80.9696	WV	0								3	Washington, District of Columbia, United States	US	USDC	DC001	38.8951	-77.0364	531871	20260920103000	https://timesofindia.indiatimes.com/science/discovery/meet-kianoosh-nawai-the-west-virginia-eighth-grader-who-built-a-low-cost-3d-printed-bionic-hand-and-became-his-states-only-finalist-in-a-national-stem-contest/articleshow/134364866.cms
1323940638	20260920	202609	2026	2026.7123	USA	UNITED STATES	USA																		1	023	023	02	1	3.4	1	1	1	1.59362549800797	2	West Virginia, United States	US	USWV		38.468	-80.9696	WV	0								2	West Virginia, United States	US	USWV		38.468	-80.9696	WV	20260920103000	https://timesofindia.indiatimes.com/science/discovery/meet-kianoosh-nawai-the-west-virginia-eighth-grader-who-built-a-low-cost-3d-printed-bionic-hand-and-became-his-states-only-finalist-in-a-national-stem-contest/articleshow/134364866.cms
1323940639	20260920	202609	2026	2026.7123	USA	COLORADO	USA																		1	040	040	04	1	1.0	2	1	2	2.07612456747405	3	Greenland Ranch, Colorado, United States	US	USCO	CO035	39.188	-104.856	193188	0								3	Greenland Ranch, Colorado, United States	US	USCO		39.188	-104.856	193188	20260920103000	https://timesofindia.indiatimes.com/world/us/in-2000-cable-billionaire-john-malone-paid-55-million-for-colorados-greenland-ranch-to-stop-development-its-17700-acre-conservation-easement-still-protects-the-front-range/articleshow/134353685.cms
1323940640	20260920	202609	2026	2026.7123	USA	COLORADO	USA																		1	040	040	04	1	1.0	2	1	2	2.07612456747405	3	Greenland Ranch, Colorado, United States	US	USCO	CO035	39.188	-104.856	193188	0								2	Colorado, United States	US	USCO		39.0646	-105.327	CO	20260920103000	https://timesofindia.indiatimes.com/world/us/in-2000-cable-billionaire-john-malone-paid-55-million-for-colorados-greenland-ranch-to-stop-development-its-17700-acre-conservation-easement-still-protects-the-front-range/articleshow/134353685.cms
1323940641	20260920	202609	2026	2026.7123	USA	UNITED STATES	USA																		0	040	040	04	1	1.0	1	1	1	-1.18733509234829	2	Louisiana, United States	US	USLA		31.1801	-91.8749	LA	0								2	Louisiana, United States	US	USLA		31.1801	-91.8749	LA	20260920103000	https://www.nola.com/news/politics/national_politics/billy-nungesser-louisiana-to-pay-attention-who-leads-fda/article_dd6b7463-219a-477a-a955-67c3ae1141b0.html
1323940642	20260920	202609	2026	2026.7123	USA	PHILADELPHIA	USA																		0	042	042	04	1	1.9	1	1	1	-2.81899109792284	3	Philadelphia, Pennsylvania, United States	US	USPA	PA101	39.9523	-75.1638	1209052	0								3	Philadelphia, Pennsylvania, United States	US	USPA	PA101	39.9523	-75.1638	1209052	20260920103000	https://www.aol.co.uk/articles/leftists-waves-trump-flexes-muscles-100013000.html
1323940643	20260920	202609	2026	2026.7123	USA	UNITED STATES	USA																		0	042	042	04	1	1.9	1	1	1	-2.81899109792284	2	Tennessee, United States	US	USTN		35.7449	-86.7489	TN	0								2	California, United States	US	USCA		36.17	-119.746	CA	20260920103000	https://www.aol.co.uk/articles/leftists-waves-trump-flexes-muscles-100013000.html
1323940644	20260920	202609	2026	2026.7123	USA	DALLAS	USA																		1	043	043	04	1	2.8	5	1	5	-0.72859744990893	4	Beijing, Beijing, China	CH	CH22	13001	39.9289	116.388	-1898541	0								3	Georgetown University, District of Columbia, United States	US	USDC		38.9073	-77.0726	531568	20260920103000	https://www.nbcdfw.com/news/national-international/trump-china-red-carpet-xi-visit/4079624/
1323940645	20260920	202609	2026	2026.7123	USA	UNITED STATES	USA																		1	043	043	04	1	2.8	2	1	2	-0.72859744990893	3	Georgetown University, District of Columbia, United States	US	USDC	DC001	38.9073	-77.0726	531568	0								4	Beijing, Beijing, China	CH	CH22	13001	39.9289	116.388	-1898541	20260920103000	https://www.nbcdfw.com/news/national-international/trump-china-red-carpet-xi-visit/4079624/
1323940646	20260920	202609	2026	2026.7123	USA	UNITED STATES	USA																		1	043	043	04	1	2.8	2	1	2	4.52674897119342	2	California, United States	US	USCA		36.17	-119.746	CA	0								1	Guatemala	GT	GT		15.5	-90.25	GT	20260920103000	https://www.praise1065.com/aaron-arnett/
1323940647	20260920	202609	2026	2026.7123	USA	CALIFORNIA	USA																		1	043	043	04	1	2.8	2	1	2	4.52674897119342	1	Guatemala	GT	GT		15.5	-90.25	GT	0								1	Guatemala	GT	GT		15.5	-90.25	GT	20260920103000	https://www.praise1065.com/aaron-arnett/
1323940648	20260920	202609	2026	2026.7123	USA	UNITED STATES	USA																		1	043	043	04	1	2.8	2	1	2	4.73186119873817	2	Puerto Rico, United States	US	USPR		18.2766	-66.335	PR	0								2	Puerto Rico, United States	US	USPR		18.2766	-66.335	PR	20260920103000	https://www.delcotimes.com/2026/09/20/busker-incognitos-blues-boogie-weekend-announced-spotlight/
1323940649	20260920	202609	2026	2026.7123	USA	UNITED STATES	USA																		0	051	051	05	1	3.4	2	1	2	0.14245014245014	3	Vanceboro, North Carolina, United States	US	USNC	NC049	35.3085	-77.1541	996583	0								3	Vanceboro, North Carolina, United States	US	USNC	NC049	35.3085	-77.1541	996583	20260920103000	https://timesofindia.indiatimes.com/world/us/in-1942-a-24-year-old-wwii-pilot-vanished-over-egypt-84-years-later-his-family-finally-buries-him-beside-his-parents-in-north-carolina/articleshow/134364960.cms
1323940650	20260920	202609	2026	2026.7123	USA	UNITED STATES	USA																		0	051	051	05	1	3.4	4	1	4	0.22271714922049	2	Delaware, United States	US	USDE		39.3498	-75.5148	DE	0								2	Delaware, United States	US	USDE		39.3498	-75.5148	DE	20260920103000	https://www.kunr.org/npr-news/2026-09-20/u-s-childcare-costs-are-astronomical-more-families-are-turning-to-grandparents
1323940651	20260920	202609	2026	2026.7123	USA	DELAWARE	USA																		0	051	051	05	1	3.4	5	1	5	0.22271714922049	2	Idaho, United States	US	USID		44.2394	-114.51	ID	0								2	Idaho, United States	US	USID		44.2394	-114.51	ID	20260920103000	https://www.kunr.org/npr-news/2026-09-20/u-s-childcare-costs-are-astronomical-more-families-are-turning-to-grandparents
1323940652	20260920	202609	2026	2026.7123	USA	UNITED STATES	USA																		0	082	082	08	2	5.0	4	1	4	-3.24825986078886	2	Louisiana, United States	US	USLA		31.1801	-91.8749	LA	0								2	Louisiana, United States	US	USLA		31.1801	-91.8749	LA	20260920103000	https://www.nola.com/news/kenner-seeks-state-input-on-airport-board/article_de6dfb73-eb76-492f-a2bb-df318ea05d2a.html
1323940653	20260920	202609	2026	2026.7123	USA	UNITED STATES	USA																		0	090	090	09	2	-2.0	4	1	4	-3.24825986078886	2	Louisiana, United States	US	USLA		31.1801	-91.8749	LA	0								3	New Orleans, Louisiana, United States	US	USLA		29.9546	-90.0751	1629985	20260920103000	https://www.nola.com/news/kenner-seeks-state-input-on-airport-board/article_de6dfb73-eb76-492f-a2bb-df318ea05d2a.html
1323940654	20260920	202609	2026	2026.7123	USA	LOUISIANA	USA																		0	090	090	09	2	-2.0	6	1	6	-3.24825986078886	2	Louisiana, United States	US	USLA		31.1801	-91.8749	LA	0								2	Louisiana, United States	US	USLA		31.1801	-91.8749	LA	20260920103000	https://www.nola.com/news/kenner-seeks-state-input-on-airport-board/article_de6dfb73-eb76-492f-a2bb-df318ea05d2a.html
1323940655	20260920	202609	2026	2026.7123	USA	UNITED STATES	USA																		0	112	112	11	3	-2.0	2	1	2	-3.24825986078886	2	Louisiana, United States	US	USLA		31.1801	-91.8749	LA	0								2	Louisiana, United States	US	USLA		31.1801	-91.8749	LA	20260920103000	https://www.nola.com/news/kenner-seeks-state-input-on-airport-board/article_de6dfb73-eb76-492f-a2bb-df318ea05d2a.html
1323940656	20260920	202609	2026	2026.7123	USA	UNITED STATES	USA																		0	114	114	11	3	-2.0	2	1	2	-0.83283759666864	3	San Diego, California, United States	US	USCA	CA073	32.7153	-117.157	1661377	0								3	San Diego, California, United States	US	USCA		32.7153	-117.157	1661377	20260920103000	https://www.moneytalksnews.com/she-thought-shed-booked-a-dream-vacation-rental-then-she-arrived/
1323940657	20260920	202609	2026	2026.7123	USA	NEW ORLEANS	USA																		1	120	120	12	3	-4.0	5	1	5	4.16666666666666	0								0								0								20260920103000	https://www.nola.com/entertainment_life/nell-nolan-2026-design-awards-aia-hnoc-antiques-forum-noma-salon-supper-club/article_1304df10-cc43-4194-bfb6-6c0ff9c0bd77.html
1323940658	20260920	202609	2026	2026.7123	USA	UNITED STATES	USA																		0	121	121	12	3	-4.0	1	1	1	-2.81899109792284	2	Kentucky, United States	US	USKY		37.669	-84.6514	KY	0								2	Kentucky, United States	US	USKY		37.669	-84.6514	KY	20260920103000	https://www.aol.co.uk/articles/leftists-waves-trump-flexes-muscles-100013000.html
1323940659	20260920	202609	2026	2026.7123	USA	UNITED STATES	USA																		1	138	138	13	3	-7.0	4	1	4	2.98295454545455	3	Hollywood, California, United States	US	USCA	CA037	34.0983	-118.327	1660757	0								3	Hollywood, California, United States	US	USCA	CA037	34.0983	-118.327	1660757	20260920103000	https://www.dailymail.com/travel/article-16141597/Lenon-Almeria-years-Beatlemania.html
1323940660	20260920	202609	2026	2026.7123	USA	UNITED STATES	USA																		0	190	190	19	4	-10.0	4	1	4	-3.24825986078886	3	New Orleans, Louisiana, United States	US	USLA	LA071	29.9546	-90.0751	1629985	0								3	New Orleans, Louisiana, United States	US	USLA		29.9546	-90.0751	1629985	20260920103000	https://www.nola.com/news/kenner-seeks-state-input-on-airport-board/article_de6dfb73-eb76-492f-a2bb-df318ea05d2a.html
1323940661	20260920	202609	2026	2026.7123	USA	UNITED STATES	USA																		1	193	193	19	4	-10.0	6	1	6	2.98295454545455	1	Spain	SP	SP		40	-4	SP	0								1	Spain	SP	SP		40	-4	SP	20260920103000	https://www.dailymail.com/travel/article-16141597/Lenon-Almeria-years-Beatlemania.html
1323940662	20260920	202609	2026	2026.7123	USA	OREGON	USA								BUS	BANK						BUS			0	020	020	02	1	3.0	1	1	1	2.3972602739726	3	Wheeler County, Oregon, United States	US	USOR	OR069	44.6665	-120.001	1135865	3	Wheeler County, Oregon, United States	US	USOR		44.6665	-120.001	1135865	3	Wheeler County, Oregon, United States	US	USOR		44.6665	-120.001	1135865	20260920103000	https://timesofindia.indiatimes.com/world/us/a-historic-oregon-cattle-ranch-spanning-37-square-miles-sold-for-27-55-million-buyer-plans-conservation-credit-projects-instead-of-development/articleshow/134366167.cms
1323940663	20260920	202609	2026	2026.7123	USA	OREGON	USA								BUS	BANK						BUS			0	020	020	02	1	3.0	7	1	7	2.3972602739726	2	Oregon, United States	US	USOR		44.5672	-122.127	OR	2	Oregon, United States	US	USOR		44.5672	-122.127	OR	2	Oregon, United States	US	USOR		44.5672	-122.127	OR	20260920103000	https://timesofindia.indiatimes.com/world/us/a-historic-oregon-cattle-ranch-spanning-37-square-miles-sold-for-27-55-million-buyer-plans-conservation-credit-projects-instead-of-development/articleshow/134366167.cms
1323940664	20260920	202609	2026	2026.7123	USA	UNITED STATES	USA								BUS	COMPANY						BUS			1	020	020	02	1	3.0	4	1	4	-0.83283759666864	1	South Africa	SF	SF		-30	26	SF	1	South Africa	SF	SF		-30	26	SF	1	South Africa	SF	SF		-30	26	SF	20260920103000	https://www.moneytalksnews.com/she-thought-shed-booked-a-dream-vacation-rental-then-she-arrived/
1323940665	20260920	202609	2026	2026.7123	USA	UNITED STATES	USA								BUS	COMPANY						BUS			1	114	114	11	3	-2.0	4	1	4	-0.83283759666864	3	San Diego, California, United States	US	USCA	CA073	32.7153	-117.157	1661377	3	San Diego, California, United States	US	USCA		32.7153	-117.157	1661377	3	San Diego, California, United States	US	USCA		32.7153	-117.157	1661377	20260920103000	https://www.moneytalksnews.com/she-thought-shed-booked-a-dream-vacation-rental-then-she-arrived/
1323940666	20260920	202609	2026	2026.7123	USA	UNITED STATES	USA								CHRPRO	METHODIST CHURCH				CHR	PRO				1	042	042	04	1	1.9	4	1	4	0.14245014245014	2	North Carolina, United States	US	USNC		35.6411	-79.8431	NC	2	North Carolina, United States	US	USNC		35.6411	-79.8431	NC	2	North Carolina, United States	US	USNC		35.6411	-79.8431	NC	20260920103000	https://timesofindia.indiatimes.com/world/us/in-1942-a-24-year-old-wwii-pilot-vanished-over-egypt-84-years-later-his-family-finally-buries-him-beside-his-parents-in-north-carolina/articleshow/134364960.cms
1323940667	20260920	202609	2026	2026.7123	USA	NEW ORLEANS	USA								CRMJUD	CRIMINAL						CRM	JUD		0	129	129	12	3	-5.0	4	1	4	-3.24825986078886	3	New Orleans, Louisiana, United States	US	USLA	LA071	29.9546	-90.0751	1629985	3	New Orleans, Louisiana, United States	US	USLA		29.9546	-90.0751	1629985	3	New Orleans, Louisiana, United States	US	USLA		29.9546	-90.0751	1629985	20260920103000	https://www.nola.com/news/kenner-seeks-state-input-on-airport-board/article_de6dfb73-eb76-492f-a2bb-df318ea05d2a.html
1323940668	20260920	202609	2026	2026.7123	USA	UNITED STATES	USA								ESP	SPAIN	ESP								1	138	138	13	3	-7.0	2	1	2	2.98295454545455	3	Hollywood, California, United States	US	USCA	CA037	34.0983	-118.327	1660757	1	Spain	SP	SP		40	-4	SP	3	Hollywood, California, United States	US	USCA	CA037	34.0983	-118.327	1660757	20260920103000	https://www.dailymail.com/travel/article-16141597/Lenon-Almeria-years-Beatlemania.html
1323940669	20260920	202609	2026	2026.7123	USA	UNITED STATES	USA								FRA	FRENCH	FRA								0	111	111	11	3	-2.0	2	1	2	-0.72859744990893	3	Fort Worth, Texas, United States	US	USTX	TX439	32.7254	-97.3208	1380947	3	Fort Worth, Texas, United States	US	USTX		32.7254	-97.3208	1380947	3	Fort Worth, Texas, United States	US	USTX		32.7254	-97.3208	1380947	20260920103000	https://www.nbcdfw.com/news/national-international/trump-china-red-carpet-xi-visit/4079624/
1323940670	20260920	202609	2026	2026.7123	USA	UNITED STATES	USA								FRA	FRENCH	FRA								0	111	111	11	3	-2.0	2	1	2	-0.72859744990893	3	Fort Worth, Texas, United States	US	USTX	TX439	32.7254	-97.3208	1380947	1	France	FR	FR		46	2	FR	1	France	FR	FR		46	2	FR	20260920103000	https://www.nbcdfw.com/news/national-international/trump-china-red-carpet-xi-visit/4079624/
1323940671	20260920	202609	2026	2026.7123	USA	NEW ORLEANS	USA								GOV	MAYOR						GOV			0	020	020	02	1	3.0	7	1	7	-3.24825986078886	3	New Orleans, Louisiana, United States	US	USLA	LA071	29.9546	-90.0751	1629985	3	New Orleans, Louisiana, United States	US	USLA		29.9546	-90.0751	1629985	3	New Orleans, Louisiana, United States	US	USLA		29.9546	-90.0751	1629985	20260920103000	https://www.nola.com/news/kenner-seeks-state-input-on-airport-board/article_de6dfb73-eb76-492f-a2bb-df318ea05d2a.html
1323940672	20260920	202609	2026	2026.7123	USA	WASHINGTON	USA								GOV	ADMINISTRATION						GOV			1	090	090	09	2	-2.0	1	1	1	-1.18733509234829	3	White House, District of Columbia, United States	US	USDC		38.8951	-77.0364	531871	2	Louisiana, United States	US	USLA		31.1801	-91.8749	LA	2	Louisiana, United States	US	USLA		31.1801	-91.8749	LA	20260920103000	https://www.nola.com/news/politics/national_politics/billy-nungesser-louisiana-to-pay-attention-who-leads-fda/article_dd6b7463-219a-477a-a955-67c3ae1141b0.html
1323940673	20260920	202609	2026	2026.7123	USA	WASHINGTON	USA								GOV	ADMINISTRATION						GOV			1	090	090	09	2	-2.0	4	1	4	-1.18733509234829	2	Louisiana, United States	US	USLA		31.1801	-91.8749	LA	2	Louisiana, United States	US	USLA		31.1801	-91.8749	LA	2	Louisiana, United States	US	USLA		31.1801	-91.8749	LA	20260920103000	https://www.nola.com/news/politics/national_politics/billy-nungesser-louisiana-to-pay-attention-who-leads-fda/article_dd6b7463-219a-477a-a955-67c3ae1141b0.html
1323940674	20260920	202609	2026	2026.7123	USA	NEW ORLEANS	USA								JUD	ATTORNEY						JUD			1	020	020	02	1	3.0	10	1	10	-3.24825986078886	3	New Orleans, Louisiana, United States	US	USLA	LA071	29.9546	-90.0751	1629985	3	New Orleans, Louisiana, United States	US	USLA		29.9546	-90.0751	1629985	3	New Orleans, Louisiana, United States	US	USLA		29.9546	-90.0751	1629985	20260920103000	https://www.nola.com/news/kenner-seeks-state-input-on-airport-board/article_de6dfb73-eb76-492f-a2bb-df318ea05d2a.html
1323940675	20260920	202609	2026	2026.7123	USA	THE US	USA								KENPTY	KENYA	KEN								0	112	112	11	3	-2.0	2	1	2	0.19646365422397	4	Kangema, Central, Kenya	KE	KE01	18585	-0.683333	36.9667	-2248324	4	Kangema, Central, Kenya	KE	KE01	18585	-0.683333	36.9667	-2248324	4	Kangema, Central, Kenya	KE	KE01	18585	-0.683333	36.9667	-2248324	20260920103000	https://www.the-star.co.ke/news/2026-09-20-jitters-as-nyoro-matiangi-political-moves-reshape-mt-kenya-opposition-politics
1323940676	20260920	202609	2026	2026.7123	USA	THE US	USA								KENPTY	KENYA	KEN								0	112	112	11	3	-2.0	3	1	3	0.19646365422397	4	Kisii, Nyanza, Kenya	KE	KE07	18585	-0.67394	34.7722	-2251485	4	Kisii, Nyanza, Kenya	KE	KE07	18585	-0.67394	34.7722	-2251485	4	Kisii, Nyanza, Kenya	KE	KE07	18585	-0.67394	34.7722	-2251485	20260920103000	https://www.the-star.co.ke/news/2026-09-20-jitters-as-nyoro-matiangi-political-moves-reshape-mt-kenya-opposition-politics
1323940677	20260920	202609	2026	2026.7123	USA	AMERICAN	USA								LEG	HOUSE OF REPRESENTATIVES						LEG			1	040	040	04	1	1.0	7	1	7	-3.14748201438849	3	Washington, District of Columbia, United States	US	USDC	DC001	38.8951	-77.0364	531871	3	Washington, District of Columbia, United States	US	USDC	DC001	38.8951	-77.0364	531871	3	Washington, District of Columbia, United States	US	USDC	DC001	38.8951	-77.0364	531871	20260920103000	https://www.ithaca.com/opinion/letters_to_the_editor/letters-to-the-editor-a-win-win---crosswording-for-a-cause/article_e06303ab-ea2f-478f-a8ca-d99d37aeb41b.html
1323940678	20260920	202609	2026	2026.7123	USA	UNITED STATES	USA								MED	NEWS OUTLET						MED			1	013	013	01	1	0.4	3	1	3	0.98522167487684	1	Japan	JA	JA		36	138	JA	1	Japan	JA	JA		36	138	JA	1	Japan	JA	JA		36	138	JA	20260920103000	https://emagazine.com/miyawaki-forest-reforestation-goes-small/
1323940679	20260920	202609	2026	2026.7123	USA	WASHINGTON	USA								TWN	TAIWANESE	TWN								1	051	051	05	1	3.4	12	1	12	3.17002881844381	3	Washington, District of Columbia, United States	US	USDC	DC001	38.8951	-77.0364	531871	1	Taiwan	TW	TW		24	121	TW	1	Taiwan	TW	TW		24	121	TW	20260920103000	https://focustaiwan.tw:443/culture/202609200007
1323940680	20260920	202609	2026	2026.7123	USA	UNITED STATES	USA								TWN	TAIWAN	TWN								1	051	051	05	1	3.4	4	1	4	3.17002881844381	2	Maryland, United States	US	USMD		39.0724	-76.7902	MD	1	Taiwan	TW	TW		24	121	TW	1	Taiwan	TW	TW		24	121	TW	20260920103000	https://focustaiwan.tw:443/culture/202609200007
1323940681	20260920	202609	2026	2026.7123	USA	MARYLAND	USA								TWN	TAIWAN	TWN								1	173	173	17	4	-5.0	20	1	20	3.17002881844381	1	Taiwan	TW	TW		24	121	TW	1	Taiwan	TW	TW		24	121	TW	1	Taiwan	TW	TW		24	121	TW	20260920103000	https://focustaiwan.tw:443/culture/202609200007
1323940682	20260920	202609	2026	2026.7123	USA	LOS ANGELES	USA								USAELI	UNITED STATES	USA					ELI			1	120	120	12	3	-4.0	1	1	1	-5.50098231827112	2	California, United States	US	USCA		36.17	-119.746	CA	2	California, United States	US	USCA		36.17	-119.746	CA	3	Hollywood, California, United States	US	USCA	CA037	34.0983	-118.327	1660757	20260920103000	https://timesofindia.indiatimes.com/entertainment/english/hollywood/news/mark-ruffalo-asks-california-attorney-general-to-reject-heavily-contested-lawsuit-settlement/articleshow/134366169.cms
1323940683	20260920	202609	2026	2026.7123	USA	LOS ANGELES	USA								USAGOV	UNITED STATES	USA					GOV			1	020	020	02	1	3.0	1	1	1	-5.50098231827112	2	California, United States	US	USCA		36.17	-119.746	CA	2	California, United States	US	USCA		36.17	-119.746	CA	3	Hollywood, California, United States	US	USCA	CA037	34.0983	-118.327	1660757	20260920103000	https://timesofindia.indiatimes.com/entertainment/english/hollywood/news/mark-ruffalo-asks-california-attorney-general-to-reject-heavily-contested-lawsuit-settlement/articleshow/134366169.cms
1323940684	20260920	202609	2026	2026.7123	USA	CALIFORNIA	USA								USAGOV	CALIFORNIA	USA					GOV			0	112	112	11	3	-2.0	6	1	6	-2.81899109792284	2	California, United States	US	USCA		36.17	-119.746	CA	2	California, United States	US	USCA		36.17	-119.746	CA	2	California, United States	US	USCA		36.17	-119.746	CA	20260920103000	https://www.aol.co.uk/articles/leftists-waves-trump-flexes-muscles-100013000.html
1323940685	20260920	202609	2026	2026.7123	USA	LOS ANGELES	USA								USAGOV	UNITED STATES	USA					GOV			1	120	120	12	3	-4.0	1	1	1	-5.50098231827112	3	Hollywood, California, United States	US	USCA	CA037	34.0983	-118.327	1660757	2	California, United States	US	USCA		36.17	-119.746	CA	2	California, United States	US	USCA		36.17	-119.746	CA	20260920103000	https://timesofindia.indiatimes.com/entertainment/english/hollywood/news/mark-ruffalo-asks-california-attorney-general-to-reject-heavily-contested-lawsuit-settlement/articleshow/134366169.cms
1323940686	20260920	202609	2026	2026.7123	USA	LOS ANGELES	USA								USAGOV	UNITED STATES	USA					GOV			1	120	120	12	3	-4.0	1	1	1	-5.50098231827112	2	California, United States	US	USCA		36.17	-119.746	CA	2	California, United States	US	USCA		36.17	-119.746	CA	3	Hollywood, California, United States	US	USCA	CA037	34.0983	-118.327	1660757	20260920103000	https://timesofindia.indiatimes.com/entertainment/english/hollywood/news/mark-ruffalo-asks-california-attorney-general-to-reject-heavily-contested-lawsuit-settlement/articleshow/134366169.cms
1323940687	20260920	202609	2026	2026.7123	USA	LOS ANGELES	USA								USAGOV	UNITED STATES	USA					GOV			1	120	120	12	3	-4.0	2	1	2	-5.52995391705069	1	Israel	IS	IS		31.5	34.75	IS	1	Israel	IS	IS		31.5	34.75	IS	1	Israel	IS	IS		31.5	34.75	IS	20260920103000	https://ianslive.in/mark-ruffalo-warns-california-attorney-general-to-not-settle-heavily-contested-lawsuit--20260920144027
1323940688	20260920	202609	2026	2026.7123	USA	CALIFORNIA	USA								USAGOV	CALIFORNIA	USA					GOV			0	180	180	18	4	-9.0	6	1	6	-2.81899109792284	2	California, United States	US	USCA		36.17	-119.746	CA	2	California, United States	US	USCA		36.17	-119.746	CA	2	California, United States	US	USCA		36.17	-119.746	CA	20260920103000	https://www.aol.co.uk/articles/leftists-waves-trump-flexes-muscles-100013000.html
1323940689	20260920	202609	2026	2026.7123	USA	UNITED STATES	USA								USALEG	UNITED STATES	USA					LEG			1	160	160	16	4	-4.0	1	1	1	-2.81899109792284	2	Colorado, United States	US	USCO		39.0646	-105.327	CO	2	New York, United States	US	USNY		42.1497	-74.9384	NY	2	New York, United States	US	USNY		42.1497	-74.9384	NY	20260920103000	https://www.aol.co.uk/articles/leftists-waves-trump-flexes-muscles-100013000.html
1323940690	20260920	202609	2026	2026.7123	USA	UNITED STATES	USA								USALEG	UNITED STATES	USA					LEG			1	160	160	16	4	-4.0	1	1	1	-2.81899109792284	2	Tennessee, United States	US	USTN		35.7449	-86.7489	TN	2	Missouri, United States	US	USMO		38.4623	-92.302	MO	2	Missouri, United States	US	USMO		38.4623	-92.302	MO	20260920103000	https://www.aol.co.uk/articles/leftists-waves-trump-flexes-muscles-100013000.html
1323940691	20260920	202609	2026	2026.7123	USAGOV	NEW ORLEANS	USA					GOV													0	020	020	02	1	3.0	6	1	6	-3.24825986078886	3	New Orleans, Louisiana, United States	US	USLA	LA071	29.9546	-90.0751	1629985	0								3	New Orleans, Louisiana, United States	US	USLA		29.9546	-90.0751	1629985	20260920103000	https://www.nola.com/news/kenner-seeks-state-input-on-airport-board/article_de6dfb73-eb76-492f-a2bb-df318ea05d2a.html
1323940692	20260920	202609	2026	2026.7123	USAGOV	OVAL OFFICE	USA					GOV													1	073	073	07	2	7.4	5	1	5	0.82644628099173	1	United States	US	US		39.828175	-98.5795	US	0								1	United States	US	US		39.828175	-98.5795	US	20260920103000	https://www.gdnonline.com:443/Details/1407079/Trump-says-he-will-demand-some-childhood-vaccines-be-split-into-five-shots
1323940693	20260920	202609	2026	2026.7123	USAGOV	OREGON	USA					GOV			BUSBUS	COMPANY						BUS	BUS		0	010	010	01	1	0.0	3	1	3	2.3972602739726	2	Oregon, United States	US	USOR		44.5672	-122.127	OR	2	Oregon, United States	US	USOR		44.5672	-122.127	OR	2	Oregon, United States	US	USOR		44.5672	-122.127	OR	20260920103000	https://timesofindia.indiatimes.com/world/us/a-historic-oregon-cattle-ranch-spanning-37-square-miles-sold-for-27-55-million-buyer-plans-conservation-credit-projects-instead-of-development/articleshow/134366167.cms
1323940694	20260920	202609	2026	2026.7123	USAGOV	THE US	USA					GOV			COP	POLICE PERSONNEL						COP			0	153	153	15	4	-7.2	10	1	10	-2.71546635182999	4	Nairobi, Nairobi Area, Kenya	KE	KE05	18585	-1.28333	36.8167	-2258072	4	Nairobi, Nairobi Area, Kenya	KE	KE05	18585	-1.28333	36.8167	-2258072	4	Nairobi, Nairobi Area, Kenya	KE	KE05	18585	-1.28333	36.8167	-2258072	20260920103000	https://www.the-star.co.ke/news/2026-09-20-us-to-closely-watch-2027-polls-for-stability-us-envoy-nominee-wooster-says
1323940695	20260920	202609	2026	2026.7123	USAGOV	NEW ORLEANS	USA					GOV			CRMJUD	CRIMINAL						CRM	JUD		0	129	129	12	3	-5.0	3	1	3	-3.24825986078886	3	New Orleans, Louisiana, United States	US	USLA	LA071	29.9546	-90.0751	1629985	3	New Orleans, Louisiana, United States	US	USLA		29.9546	-90.0751	1629985	3	New Orleans, Louisiana, United States	US	USLA		29.9546	-90.0751	1629985	20260920103000	https://www.nola.com/news/kenner-seeks-state-input-on-airport-board/article_de6dfb73-eb76-492f-a2bb-df318ea05d2a.html
1323940696	20260920	202609	2026	2026.7123	USAGOV	UNITED STATES	USA					GOV			CVL	SETTLEMENT						CVL			1	110	110	11	3	-2.0	2	1	2	-5.50098231827112	2	California, United States	US	USCA		36.17	-119.746	CA	2	California, United States	US	USCA		36.17	-119.746	CA	2	California, United States	US	USCA		36.17	-119.746	CA	20260920103000	https://timesofindia.indiatimes.com/entertainment/english/hollywood/news/mark-ruffalo-asks-california-attorney-general-to-reject-heavily-contested-lawsuit-settlement/articleshow/134366169.cms
1323940697	20260920	202609	2026	2026.7123	USAGOV	UNITED STATES	USA					GOV			CVL	SETTLEMENT						CVL			1	120	120	12	3	-4.0	2	1	2	-5.50098231827112	2	California, United States	US	USCA		36.17	-119.746	CA	2	California, United States	US	USCA		36.17	-119.746	CA	2	California, United States	US	USCA		36.17	-119.746	CA	20260920103000	https://timesofindia.indiatimes.com/entertainment/english/hollywood/news/mark-ruffalo-asks-california-attorney-general-to-reject-heavily-contested-lawsuit-settlement/articleshow/134366169.cms
1323940698	20260920	202609	2026	2026.7123	USAGOV	NEW ORLEANS	USA					GOV			GOV	MAYOR						GOV			0	129	129	12	3	-5.0	3	1	3	-3.24825986078886	3	New Orleans, Louisiana, United States	US	USLA	LA071	29.9546	-90.0751	1629985	3	New Orleans, Louisiana, United States	US	USLA		29.9546	-90.0751	1629985	3	New Orleans, Louisiana, United States	US	USLA		29.9546	-90.0751	1629985	20260920103000	https://www.nola.com/news/kenner-seeks-state-input-on-airport-board/article_de6dfb73-eb76-492f-a2bb-df318ea05d2a.html
1323940699	20260920	202609	2026	2026.7123	USAGOV	UNITED STATES	USA					GOV			USA	CALIFORNIA	USA								1	020	020	02	1	3.0	2	1	2	-5.50098231827112	1	Israel	IS	IS		31.5	34.75	IS	1	Israel	IS	IS		31.5	34.75	IS	1	Israel	IS	IS		31.5	34.75	IS	20260920103000	https://timesofindia.indiatimes.com/entertainment/english/hollywood/news/mark-ruffalo-asks-california-attorney-general-to-reject-heavily-contested-lawsuit-settlement/articleshow/134366169.cms
1323940700	20260920	202609	2026	2026.7123	USAGOV	UNITED STATES	USA					GOV			USA	UNITED STATES	USA								1	040	040	04	1	1.0	2	1	2	-3.24825986078886	3	New Orleans, Louisiana, United States	US	USLA	LA071	29.9546	-90.0751	1629985	3	New Orleans, Louisiana, United States	US	USLA		29.9546	-90.0751	1629985	3	New Orleans, Louisiana, United States	US	USLA		29.9546	-90.0751	1629985	20260920103000	https://www.nola.com/news/kenner-seeks-state-input-on-airport-board/article_de6dfb73-eb76-492f-a2bb-df318ea05d2a.html
1323940701	20260920	202609	2026	2026.7123	USAGOV	THE US	USA					GOV			USA	THE US	USA								0	051	051	05	1	3.4	5	1	5	-2.71546635182999	4	Nairobi, Nairobi Area, Kenya	KE	KE05	18585	-1.28333	36.8167	-2258072	4	Nairobi, Nairobi Area, Kenya	KE	KE05	18585	-1.28333	36.8167	-2258072	4	Nairobi, Nairobi Area, Kenya	KE	KE05	18585	-1.28333	36.8167	-2258072	20260920103000	https://www.the-star.co.ke/news/2026-09-20-us-to-closely-watch-2027-polls-for-stability-us-envoy-nominee-wooster-says
1323940702	20260920	202609	2026	2026.7123	USAGOV	UNITED STATES	USA					GOV			USA	UNITED STATES	USA								1	129	129	12	3	-5.0	2	1	2	-3.24825986078886	3	New Orleans, Louisiana, United States	US	USLA	LA071	29.9546	-90.0751	1629985	3	New Orleans, Louisiana, United States	US	USLA		29.9546	-90.0751	1629985	3	New Orleans, Louisiana, United States	US	USLA		29.9546	-90.0751	1629985	20260920103000	https://www.nola.com/news/kenner-seeks-state-input-on-airport-board/article_de6dfb73-eb76-492f-a2bb-df318ea05d2a.html
1323940703	20260920	202609	2026	2026.7123	USALEG	LOUISIANA	USA					LEG													0	173	173	17	4	-5.0	2	1	2	-2.81899109792284	2	Louisiana, United States	US	USLA		31.1801	-91.8749	LA	0								2	Louisiana, United States	US	USLA		31.1801	-91.8749	LA	20260920103000	https://www.aol.co.uk/articles/leftists-waves-trump-flexes-muscles-100013000.html
1323940704	20260920	202609	2026	2026.7123	USALEG	UNITED STATES	USA					LEG													0	173	173	17	4	-5.0	1	1	1	-2.81899109792284	2	Louisiana, United States	US	USLA		31.1801	-91.8749	LA	0								2	Texas, United States	US	USTX		31.106	-97.6475	TX	20260920103000	https://www.aol.co.uk/articles/leftists-waves-trump-flexes-muscles-100013000.html
1323940705	20260920	202609	2026	2026.7123	YEM	YEMEN	YEM																		1	080	080	08	2	5.0	4	1	4	-10.0719424460432	1	Yemen	YM	YM		15.5	47.5	YM	0								1	Yemen	YM	YM		15.5	47.5	YM	20260920103000	https://www.indiablooms.com/world/sikh-bus-driver-attacked-bus-hijacked-in-uk-driverless-vehicle-rams-cars/details
1323940706	20260920	202609	2026	2026.7123	YEMGOV	YEMEN	YEM					GOV			USAGOV	THE WHITE HOUSE	USA					GOV			1	042	042	04	1	1.9	1	1	1	-8.56760374832664	4	Riyadh, Ar Riya?, Saudi Arabia	SA	SA10	25316	24.6408	46.7728	-3093009	4	Sanaa, Sana', Yemen	YM	YM16	32956	15.3547	44.2067	-3191442	4	Sanaa, Sana', Yemen	YM	YM16	32956	15.3547	44.2067	-3191442	20260920103000	https://www.naharnet.com:443/stories/en/322594-us-fears-rapid-escalation-in-mideast-after-houthis-attack-riyadh
1323940707	20260920	202609	2026	2026.7123	idg	INDIGENOUS			idg																0	051	051	05	1	3.4	4	1	4	3.42979635584137	4	New Delhi, Delhi, India	IN	IN07	17911	28.6	77.2	-2106102	0								4	New Delhi, Delhi, India	IN	IN07	17911	28.6	77.2	-2106102	20260920103000	https://timesofindia.indiatimes.com/defence/news/india-japan-defence-ties-take-flight-as-air-chiefs-fly-tejas-together-during-veer-guardian-2026/articleshow/134365952.cms
1323940708	20260920	202609	2026	2026.7123	idgUAF	INDIGENOUS			idg			UAF			JPN	JAPAN	JPN								1	043	043	04	1	2.8	20	2	20	-1.01787101787102	1	India	IN	IN		20	77	IN	1	Japan	JA	JA		36	138	JA	1	India	IN	IN		20	77	IN	20260920103000	https://ianslive.in/india-japan-air-force-chiefs-fly-tejas-during-veer-guardian-2026-exercise--20260920151010
1323940709	20260920	202609	2026	2026.7123	nyo	NYORO			nyo						OPP	THE OPPOSITION						OPP			0	020	020	02	1	3.0	3	1	3	0.19646365422397	4	Muranga, Central, Kenya	KE	KE01	18585	-0.716667	37.15	-2257236	4	Muranga, Central, Kenya	KE	KE01	18585	-0.716667	37.15	-2257236	4	Muranga, Central, Kenya	KE	KE01	18585	-0.716667	37.15	-2257236	20260920103000	https://www.the-star.co.ke/news/2026-09-20-jitters-as-nyoro-matiangi-political-moves-reshape-mt-kenya-opposition-politics
